ticker,donem_baslangic,olay,kaynak_dosya
ADESE,2024-07-01,GIREN,katilim_endeksleri_20240701_20241130.pdf
AKFYE,2024-07-01,GIREN,katilim_endeksleri_20240701_20241130.pdf
AYEN,2024-07-01,GIREN,katilim_endeksleri_20240701_20241130.pdf
BAKAB,2024-07-01,GIREN,katilim_endeksleri_20240701_20241130.pdf
BEGYO,2024-07-01,GIREN,katilim_endeksleri_20240701_20241130.pdf
BIENY,2024-07-01,GIREN,katilim_endeksleri_20240701_20241130.pdf
BMSTL,2024-07-01,GIREN,katilim_endeksleri_20240701_20241130.pdf
BOSSA,2024-07-01,GIREN,katilim_endeksleri_20240701_20241130.pdf
CANTE,2024-07-01,GIREN,katilim_endeksleri_20240701_20241130.pdf
CIMSA,2024-07-01,GIREN,katilim_endeksleri_20240701_20241130.pdf
CCOLA,2024-07-01,GIREN,katilim_endeksleri_20240701_20241130.pdf
CUSAN,2024-07-01,GIREN,katilim_endeksleri_20240701_20241130.pdf
DGGYO,2024-07-01,GIREN,katilim_endeksleri_20240701_20241130.pdf
DYOBY,2024-07-01,GIREN,katilim_endeksleri_20240701_20241130.pdf
EUPWR,2024-07-01,GIREN,katilim_endeksleri_20240701_20241130.pdf
GENIL,2024-07-01,GIREN,katilim_endeksleri_20240701_20241130.pdf
IMASM,2024-07-01,GIREN,katilim_endeksleri_20240701_20241130.pdf
ISSEN,2024-07-01,GIREN,katilim_endeksleri_20240701_20241130.pdf
KAREL,2024-07-01,GIREN,katilim_endeksleri_20240701_20241130.pdf
KUYAS,2024-07-01,GIREN,katilim_endeksleri_20240701_20241130.pdf
MAKIM,2024-07-01,GIREN,katilim_endeksleri_20240701_20241130.pdf
MEGMT,2024-07-01,GIREN,katilim_endeksleri_20240701_20241130.pdf
NUGYO,2024-07-01,GIREN,katilim_endeksleri_20240701_20241130.pdf
OFSYM,2024-07-01,GIREN,katilim_endeksleri_20240701_20241130.pdf
ORCAY,2024-07-01,GIREN,katilim_endeksleri_20240701_20241130.pdf
OTKAR,2024-07-01,GIREN,katilim_endeksleri_20240701_20241130.pdf
PAGYO,2024-07-01,GIREN,katilim_endeksleri_20240701_20241130.pdf
PRDGS,2024-07-01,GIREN,katilim_endeksleri_20240701_20241130.pdf
PETKM,2024-07-01,GIREN,katilim_endeksleri_20240701_20241130.pdf
QUAGR,2024-07-01,GIREN,katilim_endeksleri_20240701_20241130.pdf
RYGYO,2024-07-01,GIREN,katilim_endeksleri_20240701_20241130.pdf
SNICA,2024-07-01,GIREN,katilim_endeksleri_20240701_20241130.pdf
SAMAT,2024-07-01,GIREN,katilim_endeksleri_20240701_20241130.pdf
TUCLK,2024-07-01,GIREN,katilim_endeksleri_20240701_20241130.pdf
TURGG,2024-07-01,GIREN,katilim_endeksleri_20240701_20241130.pdf
VANGD,2024-07-01,GIREN,katilim_endeksleri_20240701_20241130.pdf
YKSLN,2024-07-01,GIREN,katilim_endeksleri_20240701_20241130.pdf
ADGYO,2024-07-01,CIKAN,katilim_endeksleri_20240701_20241130.pdf
AKSGY,2024-07-01,CIKAN,katilim_endeksleri_20240701_20241130.pdf
ARZUM,2024-07-01,CIKAN,katilim_endeksleri_20240701_20241130.pdf
CELHA,2024-07-01,CIKAN,katilim_endeksleri_20240701_20241130.pdf
DMRGD,2024-07-01,CIKAN,katilim_endeksleri_20240701_20241130.pdf
EDATA,2024-07-01,CIKAN,katilim_endeksleri_20240701_20241130.pdf
GOODY,2024-07-01,CIKAN,katilim_endeksleri_20240701_20241130.pdf
IHLGM,2024-07-01,CIKAN,katilim_endeksleri_20240701_20241130.pdf
INVES,2024-07-01,CIKAN,katilim_endeksleri_20240701_20241130.pdf
KLSER,2024-07-01,CIKAN,katilim_endeksleri_20240701_20241130.pdf
MHRGY,2024-07-01,CIKAN,katilim_endeksleri_20240701_20241130.pdf
OYLUM,2024-07-01,CIKAN,katilim_endeksleri_20240701_20241130.pdf
PCILT,2024-07-01,CIKAN,katilim_endeksleri_20240701_20241130.pdf
PNLSN,2024-07-01,CIKAN,katilim_endeksleri_20240701_20241130.pdf
PSGYO,2024-07-01,CIKAN,katilim_endeksleri_20240701_20241130.pdf
POLTK,2024-07-01,CIKAN,katilim_endeksleri_20240701_20241130.pdf
ULUUN,2024-07-01,CIKAN,katilim_endeksleri_20240701_20241130.pdf
VRGYO,2024-07-01,CIKAN,katilim_endeksleri_20240701_20241130.pdf
VERUS,2024-07-01,CIKAN,katilim_endeksleri_20240701_20241130.pdf
YYLGD,2024-07-01,CIKAN,katilim_endeksleri_20240701_20241130.pdf
ZRGYO,2024-07-01,CIKAN,katilim_endeksleri_20240701_20241130.pdf
AKYHO,2024-12-01,GIREN,katilim_endeksleri_20241201_20250430.pdf
ANGEN,2024-12-01,GIREN,katilim_endeksleri_20241201_20250430.pdf
AVGYO,2024-12-01,GIREN,katilim_endeksleri_20241201_20250430.pdf
BAHKM,2024-12-01,GIREN,katilim_endeksleri_20241201_20250430.pdf
BERA,2024-12-01,GIREN,katilim_endeksleri_20241201_20250430.pdf
BSOKE,2024-12-01,GIREN,katilim_endeksleri_20241201_20250430.pdf
DAGHL,2024-12-01,GIREN,katilim_endeksleri_20241201_20250430.pdf
DMRGD,2024-12-01,GIREN,katilim_endeksleri_20241201_20250430.pdf
DOBUR,2024-12-01,GIREN,katilim_endeksleri_20241201_20250430.pdf
EDATA,2024-12-01,GIREN,katilim_endeksleri_20241201_20250430.pdf
EDIP,2024-12-01,GIREN,katilim_endeksleri_20241201_20250430.pdf
ESEN,2024-12-01,GIREN,katilim_endeksleri_20241201_20250430.pdf
GOKNR,2024-12-01,GIREN,katilim_endeksleri_20241201_20250430.pdf
GOODY,2024-12-01,GIREN,katilim_endeksleri_20241201_20250430.pdf
GWIND,2024-12-01,GIREN,katilim_endeksleri_20241201_20250430.pdf
HOROZ,2024-12-01,GIREN,katilim_endeksleri_20241201_20250430.pdf
HTTBT,2024-12-01,GIREN,katilim_endeksleri_20241201_20250430.pdf
IHLAS,2024-12-01,GIREN,katilim_endeksleri_20241201_20250430.pdf
IHLGM,2024-12-01,GIREN,katilim_endeksleri_20241201_20250430.pdf
KIMMR,2024-12-01,GIREN,katilim_endeksleri_20241201_20250430.pdf
KLSYN,2024-12-01,GIREN,katilim_endeksleri_20241201_20250430.pdf
LRSHO,2024-12-01,GIREN,katilim_endeksleri_20241201_20250430.pdf
LUKSK,2024-12-01,GIREN,katilim_endeksleri_20241201_20250430.pdf
MAGEN,2024-12-01,GIREN,katilim_endeksleri_20241201_20250430.pdf
MARKA,2024-12-01,GIREN,katilim_endeksleri_20241201_20250430.pdf
NATEN,2024-12-01,GIREN,katilim_endeksleri_20241201_20250430.pdf
OBASE,2024-12-01,GIREN,katilim_endeksleri_20241201_20250430.pdf
OSTIM,2024-12-01,GIREN,katilim_endeksleri_20241201_20250430.pdf
PEHOL,2024-12-01,GIREN,katilim_endeksleri_20241201_20250430.pdf
SAYAS,2024-12-01,GIREN,katilim_endeksleri_20241201_20250430.pdf
TNZTP,2024-12-01,GIREN,katilim_endeksleri_20241201_20250430.pdf
AFYON,2024-12-01,CIKAN,katilim_endeksleri_20241201_20250430.pdf
AKFYE,2024-12-01,CIKAN,katilim_endeksleri_20241201_20250430.pdf
ANELE,2024-12-01,CIKAN,katilim_endeksleri_20241201_20250430.pdf
ARTMS,2024-12-01,CIKAN,katilim_endeksleri_20241201_20250430.pdf
ASGYO,2024-12-01,CIKAN,katilim_endeksleri_20241201_20250430.pdf
ATAGY,2024-12-01,CIKAN,katilim_endeksleri_20241201_20250430.pdf
AVOD,2024-12-01,CIKAN,katilim_endeksleri_20241201_20250430.pdf
AYEN,2024-12-01,CIKAN,katilim_endeksleri_20241201_20250430.pdf
BARMA,2024-12-01,CIKAN,katilim_endeksleri_20241201_20250430.pdf
BEGYO,2024-12-01,CIKAN,katilim_endeksleri_20241201_20250430.pdf
BIOEN,2024-12-01,CIKAN,katilim_endeksleri_20241201_20250430.pdf
BNTAS,2024-12-01,CIKAN,katilim_endeksleri_20241201_20250430.pdf
BOBET,2024-12-01,CIKAN,katilim_endeksleri_20241201_20250430.pdf
CATES,2024-12-01,CIKAN,katilim_endeksleri_20241201_20250430.pdf
CCOLA,2024-12-01,CIKAN,katilim_endeksleri_20241201_20250430.pdf
CIMSA,2024-12-01,CIKAN,katilim_endeksleri_20241201_20250430.pdf
CLEBI,2024-12-01,CIKAN,katilim_endeksleri_20241201_20250430.pdf
DAPGM,2024-12-01,CIKAN,katilim_endeksleri_20241201_20250430.pdf
DESA,2024-12-01,CIKAN,katilim_endeksleri_20241201_20250430.pdf
DGGYO,2024-12-01,CIKAN,katilim_endeksleri_20241201_20250430.pdf
DITAS,2024-12-01,CIKAN,katilim_endeksleri_20241201_20250430.pdf
DOGUB,2024-12-01,CIKAN,katilim_endeksleri_20241201_20250430.pdf
EFORC,2024-12-01,CIKAN,katilim_endeksleri_20241201_20250430.pdf
EKOS,2024-12-01,CIKAN,katilim_endeksleri_20241201_20250430.pdf
ERSU,2024-12-01,CIKAN,katilim_endeksleri_20241201_20250430.pdf
FRIGO,2024-12-01,CIKAN,katilim_endeksleri_20241201_20250430.pdf
GESAN,2024-12-01,CIKAN,katilim_endeksleri_20241201_20250430.pdf
GMTAS,2024-12-01,CIKAN,katilim_endeksleri_20241201_20250430.pdf
HUBVC,2024-12-01,CIKAN,katilim_endeksleri_20241201_20250430.pdf
ICUGS,2024-12-01,CIKAN,katilim_endeksleri_20241201_20250430.pdf
IEYHO,2024-12-01,CIKAN,katilim_endeksleri_20241201_20250430.pdf
KARSN,2024-12-01,CIKAN,katilim_endeksleri_20241201_20250430.pdf
KARYE,2024-12-01,CIKAN,katilim_endeksleri_20241201_20250430.pdf
KBORU,2024-12-01,CIKAN,katilim_endeksleri_20241201_20250430.pdf
KFEIN,2024-12-01,CIKAN,katilim_endeksleri_20241201_20250430.pdf
KLKIM,2024-12-01,CIKAN,katilim_endeksleri_20241201_20250430.pdf
KOCMT,2024-12-01,CIKAN,katilim_endeksleri_20241201_20250430.pdf
KONTR,2024-12-01,CIKAN,katilim_endeksleri_20241201_20250430.pdf
KRTEK,2024-12-01,CIKAN,katilim_endeksleri_20241201_20250430.pdf
LINK,2024-12-01,CIKAN,katilim_endeksleri_20241201_20250430.pdf
MAKTK,2024-12-01,CIKAN,katilim_endeksleri_20241201_20250430.pdf
MEGMT,2024-12-01,CIKAN,katilim_endeksleri_20241201_20250430.pdf
MTRKS,2024-12-01,CIKAN,katilim_endeksleri_20241201_20250430.pdf
NIBAS,2024-12-01,CIKAN,katilim_endeksleri_20241201_20250430.pdf
NUGYO,2024-12-01,CIKAN,katilim_endeksleri_20241201_20250430.pdf
ODAS,2024-12-01,CIKAN,katilim_endeksleri_20241201_20250430.pdf
OFSYM,2024-12-01,CIKAN,katilim_endeksleri_20241201_20250430.pdf
ONRYT,2024-12-01,CIKAN,katilim_endeksleri_20241201_20250430.pdf
OTKAR,2024-12-01,CIKAN,katilim_endeksleri_20241201_20250430.pdf
PAGYO,2024-12-01,CIKAN,katilim_endeksleri_20241201_20250430.pdf
PATEK,2024-12-01,CIKAN,katilim_endeksleri_20241201_20250430.pdf
PGSUS,2024-12-01,CIKAN,katilim_endeksleri_20241201_20250430.pdf
PRDGS,2024-12-01,CIKAN,katilim_endeksleri_20241201_20250430.pdf
RYGYO,2024-12-01,CIKAN,katilim_endeksleri_20241201_20250430.pdf
SANEL,2024-12-01,CIKAN,katilim_endeksleri_20241201_20250430.pdf
SANFM,2024-12-01,CIKAN,katilim_endeksleri_20241201_20250430.pdf
SASA,2024-12-01,CIKAN,katilim_endeksleri_20241201_20250430.pdf
SELGD,2024-12-01,CIKAN,katilim_endeksleri_20241201_20250430.pdf
SONME,2024-12-01,CIKAN,katilim_endeksleri_20241201_20250430.pdf
TABGD,2024-12-01,CIKAN,katilim_endeksleri_20241201_20250430.pdf
THYAO,2024-12-01,CIKAN,katilim_endeksleri_20241201_20250430.pdf
TMSN,2024-12-01,CIKAN,katilim_endeksleri_20241201_20250430.pdf
TRILC,2024-12-01,CIKAN,katilim_endeksleri_20241201_20250430.pdf
TURGG,2024-12-01,CIKAN,katilim_endeksleri_20241201_20250430.pdf
YKSLN,2024-12-01,CIKAN,katilim_endeksleri_20241201_20250430.pdf
AKFYE,2025-05-01,GIREN,katilim_endeksleri_20250501_20250930.pdf
AYEN,2025-05-01,GIREN,katilim_endeksleri_20250501_20250930.pdf
BEGYO,2025-05-01,GIREN,katilim_endeksleri_20250501_20250930.pdf
CELHA,2025-05-01,GIREN,katilim_endeksleri_20250501_20250930.pdf
CEMZY,2025-05-01,GIREN,katilim_endeksleri_20250501_20250930.pdf
CIMSA,2025-05-01,GIREN,katilim_endeksleri_20250501_20250930.pdf
CVKMD,2025-05-01,GIREN,katilim_endeksleri_20250501_20250930.pdf
DAPGM,2025-05-01,GIREN,katilim_endeksleri_20250501_20250930.pdf
DMSAS,2025-05-01,GIREN,katilim_endeksleri_20250501_20250930.pdf
DOGUB,2025-05-01,GIREN,katilim_endeksleri_20250501_20250930.pdf
EFORC,2025-05-01,GIREN,katilim_endeksleri_20250501_20250930.pdf
ENERY,2025-05-01,GIREN,katilim_endeksleri_20250501_20250930.pdf
FORTE,2025-05-01,GIREN,katilim_endeksleri_20250501_20250930.pdf
GESAN,2025-05-01,GIREN,katilim_endeksleri_20250501_20250930.pdf
ICUGS,2025-05-01,GIREN,katilim_endeksleri_20250501_20250930.pdf
KARSN,2025-05-01,GIREN,katilim_endeksleri_20250501_20250930.pdf
KMPUR,2025-05-01,GIREN,katilim_endeksleri_20250501_20250930.pdf
KOCMT,2025-05-01,GIREN,katilim_endeksleri_20250501_20250930.pdf
KONTR,2025-05-01,GIREN,katilim_endeksleri_20250501_20250930.pdf
TMSN,2025-05-01,GIREN,katilim_endeksleri_20250501_20250930.pdf
TURGG,2025-05-01,GIREN,katilim_endeksleri_20250501_20250930.pdf
ATATP,2025-05-01,CIKAN,katilim_endeksleri_20250501_20250930.pdf
AVGYO,2025-05-01,CIKAN,katilim_endeksleri_20250501_20250930.pdf
BAYRK,2025-05-01,CIKAN,katilim_endeksleri_20250501_20250930.pdf
CEMAS,2025-05-01,CIKAN,katilim_endeksleri_20250501_20250930.pdf
CUSAN,2025-05-01,CIKAN,katilim_endeksleri_20250501_20250930.pdf
DARDL,2025-05-01,CIKAN,katilim_endeksleri_20250501_20250930.pdf
DMRGD,2025-05-01,CIKAN,katilim_endeksleri_20250501_20250930.pdf
DOAS,2025-05-01,CIKAN,katilim_endeksleri_20250501_20250930.pdf
DOBUR,2025-05-01,CIKAN,katilim_endeksleri_20250501_20250930.pdf
ERCB,2025-05-01,CIKAN,katilim_endeksleri_20250501_20250930.pdf
ESEN,2025-05-01,CIKAN,katilim_endeksleri_20250501_20250930.pdf
FMIZP,2025-05-01,CIKAN,katilim_endeksleri_20250501_20250930.pdf
HTTBT,2025-05-01,CIKAN,katilim_endeksleri_20250501_20250930.pdf
HUNER,2025-05-01,CIKAN,katilim_endeksleri_20250501_20250930.pdf
IDGYO,2025-05-01,CIKAN,katilim_endeksleri_20250501_20250930.pdf
IHLGM,2025-05-01,CIKAN,katilim_endeksleri_20250501_20250930.pdf
ISKPL,2025-05-01,CIKAN,katilim_endeksleri_20250501_20250930.pdf
KAREL,2025-05-01,CIKAN,katilim_endeksleri_20250501_20250930.pdf
KAYSE,2025-05-01,CIKAN,katilim_endeksleri_20250501_20250930.pdf
KGYO,2025-05-01,CIKAN,katilim_endeksleri_20250501_20250930.pdf
LILAK,2025-05-01,CIKAN,katilim_endeksleri_20250501_20250930.pdf
LYDHO,2025-05-01,CIKAN,katilim_endeksleri_20250501_20250930.pdf
MAGEN,2025-05-01,CIKAN,katilim_endeksleri_20250501_20250930.pdf
MERKO,2025-05-01,CIKAN,katilim_endeksleri_20250501_20250930.pdf
MIATK,2025-05-01,CIKAN,katilim_endeksleri_20250501_20250930.pdf
NATEN,2025-05-01,CIKAN,katilim_endeksleri_20250501_20250930.pdf
NUHCM,2025-05-01,CIKAN,katilim_endeksleri_20250501_20250930.pdf
ORCAY,2025-05-01,CIKAN,katilim_endeksleri_20250501_20250930.pdf
OYAKC,2025-05-01,CIKAN,katilim_endeksleri_20250501_20250930.pdf
OZATD,2025-05-01,CIKAN,katilim_endeksleri_20250501_20250930.pdf
PEKGY,2025-05-01,CIKAN,katilim_endeksleri_20250501_20250930.pdf
PNSUT,2025-05-01,CIKAN,katilim_endeksleri_20250501_20250930.pdf
SEGMN,2025-05-01,CIKAN,katilim_endeksleri_20250501_20250930.pdf
SURGY,2025-05-01,CIKAN,katilim_endeksleri_20250501_20250930.pdf
TCKRC,2025-05-01,CIKAN,katilim_endeksleri_20250501_20250930.pdf
VBTYZ,2025-05-01,CIKAN,katilim_endeksleri_20250501_20250930.pdf
ATATP,2025-10-01,GIREN,katilim_endeksleri_20251001_20260430.pdf
BNTAS,2025-10-01,GIREN,katilim_endeksleri_20251001_20260430.pdf
BRISA,2025-10-01,GIREN,katilim_endeksleri_20251001_20260430.pdf
CATES,2025-10-01,GIREN,katilim_endeksleri_20251001_20260430.pdf
DARDL,2025-10-01,GIREN,katilim_endeksleri_20251001_20260430.pdf
DENGE,2025-10-01,GIREN,katilim_endeksleri_20251001_20260430.pdf
EKGYO,2025-10-01,GIREN,katilim_endeksleri_20251001_20260430.pdf
IDGYO,2025-10-01,GIREN,katilim_endeksleri_20251001_20260430.pdf
IHLGM,2025-10-01,GIREN,katilim_endeksleri_20251001_20260430.pdf
KBORU,2025-10-01,GIREN,katilim_endeksleri_20251001_20260430.pdf
MAGEN,2025-10-01,GIREN,katilim_endeksleri_20251001_20260430.pdf
OFSYM,2025-10-01,GIREN,katilim_endeksleri_20251001_20260430.pdf
PAGYO,2025-10-01,GIREN,katilim_endeksleri_20251001_20260430.pdf
PNLSN,2025-10-01,GIREN,katilim_endeksleri_20251001_20260430.pdf
RGYAS,2025-10-01,GIREN,katilim_endeksleri_20251001_20260430.pdf
RNPOL,2025-10-01,GIREN,katilim_endeksleri_20251001_20260430.pdf
SANEL,2025-10-01,GIREN,katilim_endeksleri_20251001_20260430.pdf
SARKY,2025-10-01,GIREN,katilim_endeksleri_20251001_20260430.pdf
SURGY,2025-10-01,GIREN,katilim_endeksleri_20251001_20260430.pdf
TARKM,2025-10-01,GIREN,katilim_endeksleri_20251001_20260430.pdf
TKNSA,2025-10-01,GIREN,katilim_endeksleri_20251001_20260430.pdf
ULAS,2025-10-01,GIREN,katilim_endeksleri_20251001_20260430.pdf
VRGYO,2025-10-01,GIREN,katilim_endeksleri_20251001_20260430.pdf
ADESE,2025-10-01,CIKAN,katilim_endeksleri_20251001_20260430.pdf
AKCNS,2025-10-01,CIKAN,katilim_endeksleri_20251001_20260430.pdf
AKSEN,2025-10-01,CIKAN,katilim_endeksleri_20251001_20260430.pdf
ARENA,2025-10-01,CIKAN,katilim_endeksleri_20251001_20260430.pdf
ASUZU,2025-10-01,CIKAN,katilim_endeksleri_20251001_20260430.pdf
BEYAZ,2025-10-01,CIKAN,katilim_endeksleri_20251001_20260430.pdf
BORLS,2025-10-01,CIKAN,katilim_endeksleri_20251001_20260430.pdf
BUCIM,2025-10-01,CIKAN,katilim_endeksleri_20251001_20260430.pdf
CGCAM,2025-10-01,CIKAN,katilim_endeksleri_20251001_20260430.pdf
DURKN,2025-10-01,CIKAN,katilim_endeksleri_20251001_20260430.pdf
ENERY,2025-10-01,CIKAN,katilim_endeksleri_20251001_20260430.pdf
GWIND,2025-10-01,CIKAN,katilim_endeksleri_20251001_20260430.pdf
ICUGS,2025-10-01,CIKAN,katilim_endeksleri_20251001_20260430.pdf
IHGZT,2025-10-01,CIKAN,katilim_endeksleri_20251001_20260430.pdf
INGRM,2025-10-01,CIKAN,katilim_endeksleri_20251001_20260430.pdf
KMPUR,2025-10-01,CIKAN,katilim_endeksleri_20251001_20260430.pdf
LRSHO,2025-10-01,CIKAN,katilim_endeksleri_20251001_20260430.pdf
LUKSK,2025-10-01,CIKAN,katilim_endeksleri_20251001_20260430.pdf
MANAS,2025-10-01,CIKAN,katilim_endeksleri_20251001_20260430.pdf
MARKA,2025-10-01,CIKAN,katilim_endeksleri_20251001_20260430.pdf
OZSUB,2025-10-01,CIKAN,katilim_endeksleri_20251001_20260430.pdf
PRKAB,2025-10-01,CIKAN,katilim_endeksleri_20251001_20260430.pdf
RALYH,2025-10-01,CIKAN,katilim_endeksleri_20251001_20260430.pdf
TEHOL,2025-10-01,CIKAN,katilim_endeksleri_20251001_20260430.pdf
TKFEN,2025-10-01,CIKAN,katilim_endeksleri_20251001_20260430.pdf
TRHOL,2025-10-01,CIKAN,katilim_endeksleri_20251001_20260430.pdf
TURGG,2025-10-01,CIKAN,katilim_endeksleri_20251001_20260430.pdf
VESTL,2025-10-01,CIKAN,katilim_endeksleri_20251001_20260430.pdf
VSNMD,2025-10-01,CIKAN,katilim_endeksleri_20251001_20260430.pdf
ALFAS,2026-05-01,GIREN,katilim_endeksleri_20260501_20260930.pdf
ARENA,2026-05-01,GIREN,katilim_endeksleri_20260501_20260930.pdf
BAYRK,2026-05-01,GIREN,katilim_endeksleri_20260501_20260930.pdf
BUCIM,2026-05-01,GIREN,katilim_endeksleri_20260501_20260930.pdf
BYDNR,2026-05-01,GIREN,katilim_endeksleri_20260501_20260930.pdf
DITAS,2026-05-01,GIREN,katilim_endeksleri_20260501_20260930.pdf
DNISI,2026-05-01,GIREN,katilim_endeksleri_20260501_20260930.pdf
GMTAS,2026-05-01,GIREN,katilim_endeksleri_20260501_20260930.pdf
INGRM,2026-05-01,GIREN,katilim_endeksleri_20260501_20260930.pdf
KLSER,2026-05-01,GIREN,katilim_endeksleri_20260501_20260930.pdf
KMPUR,2026-05-01,GIREN,katilim_endeksleri_20260501_20260930.pdf
MEGMT,2026-05-01,GIREN,katilim_endeksleri_20260501_20260930.pdf
MERKO,2026-05-01,GIREN,katilim_endeksleri_20260501_20260930.pdf
MOPAS,2026-05-01,GIREN,katilim_endeksleri_20260501_20260930.pdf
NETCD,2026-05-01,GIREN,katilim_endeksleri_20260501_20260930.pdf
OZATD,2026-05-01,GIREN,katilim_endeksleri_20260501_20260930.pdf
OZGYO,2026-05-01,GIREN,katilim_endeksleri_20260501_20260930.pdf
PNSUT,2026-05-01,GIREN,katilim_endeksleri_20260501_20260930.pdf
PRKME,2026-05-01,GIREN,katilim_endeksleri_20260501_20260930.pdf
RALYH,2026-05-01,GIREN,katilim_endeksleri_20260501_20260930.pdf
SDTTR,2026-05-01,GIREN,katilim_endeksleri_20260501_20260930.pdf
TKFEN,2026-05-01,GIREN,katilim_endeksleri_20260501_20260930.pdf
TMPOL,2026-05-01,GIREN,katilim_endeksleri_20260501_20260930.pdf
TURGG,2026-05-01,GIREN,katilim_endeksleri_20260501_20260930.pdf
UFUK,2026-05-01,GIREN,katilim_endeksleri_20260501_20260930.pdf
YIGIT,2026-05-01,GIREN,katilim_endeksleri_20260501_20260930.pdf
YKSLN,2026-05-01,GIREN,katilim_endeksleri_20260501_20260930.pdf
AKSA,2026-05-01,CIKAN,katilim_endeksleri_20260501_20260930.pdf
AKYHO,2026-05-01,CIKAN,katilim_endeksleri_20260501_20260930.pdf
BANVT,2026-05-01,CIKAN,katilim_endeksleri_20260501_20260930.pdf
BNTAS,2026-05-01,CIKAN,katilim_endeksleri_20260501_20260930.pdf
DGNMO,2026-05-01,CIKAN,katilim_endeksleri_20260501_20260930.pdf
ISSEN,2026-05-01,CIKAN,katilim_endeksleri_20260501_20260930.pdf
KONTR,2026-05-01,CIKAN,katilim_endeksleri_20260501_20260930.pdf
KUYAS,2026-05-01,CIKAN,katilim_endeksleri_20260501_20260930.pdf
MNDRS,2026-05-01,CIKAN,katilim_endeksleri_20260501_20260930.pdf
OFSYM,2026-05-01,CIKAN,katilim_endeksleri_20260501_20260930.pdf
PETUN,2026-05-01,CIKAN,katilim_endeksleri_20260501_20260930.pdf
PNLSN,2026-05-01,CIKAN,katilim_endeksleri_20260501_20260930.pdf
SMRTG,2026-05-01,CIKAN,katilim_endeksleri_20260501_20260930.pdf
TDGYO,2026-05-01,CIKAN,katilim_endeksleri_20260501_20260930.pdf
TMSN,2026-05-01,CIKAN,katilim_endeksleri_20260501_20260930.pdf
TNZTP,2026-05-01,CIKAN,katilim_endeksleri_20260501_20260930.pdf
ULAS,2026-05-01,CIKAN,katilim_endeksleri_20260501_20260930.pdf
VESBE,2026-05-01,CIKAN,katilim_endeksleri_20260501_20260930.pdf
VRGYO,2026-05-01,CIKAN,katilim_endeksleri_20260501_20260930.pdf
