ticker,unvan,durum,kafif_sayisi,sorgu_durumu,mali_sektor_muaf
A1CAP,A1 CAPİTAL YATIRIM MENKUL DEĞERLER A.Ş.,KAPSAM_DISI,0,MUAF_SORGULANMADI,EVET
A1YEN,A1 YENİLENEBİLİR ENERJİ ÜRETİM A.Ş.,BEYAN_VAR,2,KAFIF_VAR,HAYIR
AAGYO,AĞAOĞLU AVRASYA GAYRİMENKUL YATIRIM ORTAKLIĞI A.Ş.,BEYAN_YOK,0,KAFIF_YOK,HAYIR
ACP,A1 CAPİTAL YATIRIM MENKUL DEĞERLER A.Ş.,KAPSAM_DISI,0,MUAF_SORGULANMADI,EVET
ACSEL,ACISELSAN ACIPAYAM SELÜLOZ SANAYİ VE TİCARET A.Ş.,BEYAN_VAR,2,KAFIF_VAR,HAYIR
ADB,ANADOLUBANK A.Ş.,KAPSAM_DISI,0,MUAF_SORGULANMADI,EVET
ADBNK,ANADOLUBANK A.Ş.,KAPSAM_DISI,0,MUAF_SORGULANMADI,EVET
ADEL,ADEL KALEMCİLİK TİCARET VE SANAYİ A.Ş.,BEYAN_VAR,2,KAFIF_VAR,HAYIR
ADESE,ADESE GAYRİMENKUL YATIRIM A.Ş.,BEYAN_VAR,2,KAFIF_VAR,HAYIR
ADGYO,ADRA GAYRİMENKUL YATIRIM ORTAKLIĞI A.Ş.,BEYAN_VAR,2,KAFIF_VAR,HAYIR
ADLVY,ADİL VARLIK YÖNETİM A.Ş.,KAPSAM_DISI,0,MUAF_SORGULANMADI,EVET
AEFES,ANADOLU EFES BİRACILIK VE MALT SANAYİİ A.Ş.,BEYAN_VAR,2,KAFIF_VAR,HAYIR
AFB,AKTİF YATIRIM BANKASI A.Ş.,KAPSAM_DISI,0,MUAF_SORGULANMADI,EVET
AFYON,AFYON ÇİMENTO SANAYİ T.A.Ş.,BEYAN_VAR,2,KAFIF_VAR,HAYIR
AGESA,AGESA HAYAT VE EMEKLİLİK A.Ş.,KAPSAM_DISI,0,MUAF_SORGULANMADI,EVET
AGHOL,AG ANADOLU GRUBU HOLDİNG A.Ş.,BEYAN_VAR,2,KAFIF_VAR,HAYIR
AGROT,AGROTECH YÜKSEK TEKNOLOJİ VE YATIRIM A.Ş.,BEYAN_VAR,2,KAFIF_VAR,HAYIR
AGYO,ATAKULE GAYRİMENKUL YATIRIM ORTAKLIĞI A.Ş.,BEYAN_VAR,2,KAFIF_VAR,HAYIR
AHGAZ,AHLATCI DOĞAL GAZ DAĞITIM ENERJİ VE YATIRIM A.Ş.,BEYAN_VAR,2,KAFIF_VAR,HAYIR
AHSGY,AHES GAYRİMENKUL YATIRIM ORTAKLIĞI A.Ş.,BEYAN_VAR,5,KAFIF_VAR,HAYIR
AKBNK,AKBANK T.A.Ş.,KAPSAM_DISI,0,MUAF_SORGULANMADI,EVET
AKCNS,AKÇANSA ÇİMENTO SANAYİ VE TİCARET A.Ş.,BEYAN_VAR,2,KAFIF_VAR,HAYIR
AKCVR,AKADEMİ ÇEVRE ENTEGRE ATIK YÖNETİMİ ENDÜSTRİ A.Ş.,BEYAN_YOK,0,KAFIF_YOK,HAYIR
AKDFA,AKDENİZ FAKTORİNG A.Ş.,KAPSAM_DISI,0,MUAF_SORGULANMADI,EVET
AKENR,AKENERJİ ELEKTRİK ÜRETİM A.Ş.,BEYAN_VAR,2,KAFIF_VAR,HAYIR
AKFGY,AKFEN GAYRİMENKUL YATIRIM ORTAKLIĞI A.Ş.,BEYAN_VAR,3,KAFIF_VAR,HAYIR
AKFIS,AKFEN İNŞAAT TURİZM VE TİCARET A.Ş.,BEYAN_VAR,3,KAFIF_VAR,HAYIR
AKFK,AK FİNANSAL KİRALAMA A.Ş.,KAPSAM_DISI,0,MUAF_SORGULANMADI,EVET
AKFYE,AKFEN YENİLENEBİLİR ENERJİ A.Ş.,BEYAN_VAR,4,KAFIF_VAR,HAYIR
AKGRT,AKSİGORTA A.Ş.,KAPSAM_DISI,0,MUAF_SORGULANMADI,EVET
AKHAN,AKHAN UN FABRİKASI VE TARIM ÜRÜNLERİ GIDA SANAYİ TİCARET A.Ş.,BEYAN_VAR,1,KAFIF_VAR,HAYIR
AKM,AK YATIRIM MENKUL DEĞERLER A.Ş.,KAPSAM_DISI,0,MUAF_SORGULANMADI,EVET
AKMEN,AK YATIRIM MENKUL DEĞERLER A.Ş.,KAPSAM_DISI,0,MUAF_SORGULANMADI,EVET
AKMGY,AKMERKEZ GAYRİMENKUL YATIRIM ORTAKLIĞI A.Ş.,BEYAN_VAR,2,KAFIF_VAR,HAYIR
AKSA,AKSA AKRİLİK KİMYA SANAYİİ A.Ş.,BEYAN_VAR,2,KAFIF_VAR,HAYIR
AKSEN,AKSA ENERJİ ÜRETİM A.Ş.,BEYAN_VAR,2,KAFIF_VAR,HAYIR
AKSFA,AK FAKTORİNG A.Ş.,KAPSAM_DISI,0,MUAF_SORGULANMADI,EVET
AKSGY,AKİŞ GAYRİMENKUL YATIRIM ORTAKLIĞI A.Ş.,BEYAN_VAR,2,KAFIF_VAR,HAYIR
AKSUE,AKSU ENERJİ VE TİCARET A.Ş.,BEYAN_VAR,2,KAFIF_VAR,HAYIR
AKTIF,AKTİF YATIRIM BANKASI A.Ş.,KAPSAM_DISI,0,MUAF_SORGULANMADI,EVET
AKTVK,AKTİF BANK SUKUK VARLIK KİRALAMA A.Ş.,AYIRT_EDILEMEDI,0,KAFIF_YOK,
AKYHO,AKDENİZ YATIRIM HOLDİNG A.Ş.,BEYAN_VAR,4,KAFIF_VAR,HAYIR
ALARK,ALARKO HOLDİNG A.Ş.,BEYAN_VAR,2,KAFIF_VAR,HAYIR
ALBRK,ALBARAKA TÜRK KATILIM BANKASI A.Ş.,KAPSAM_DISI,0,MUAF_SORGULANMADI,EVET
ALBTN,ALBAYRAK HAZIR BETON SANAYİ VE TİCARET A.Ş.,BEYAN_VAR,1,KAFIF_VAR,HAYIR
ALCAR,ALARKO CARRIER SANAYİ VE TİCARET A.Ş.,BEYAN_VAR,3,KAFIF_VAR,HAYIR
ALCTL,ALCATEL LUCENT TELETAŞ TELEKOMÜNİKASYON A.Ş.,BEYAN_VAR,2,KAFIF_VAR,HAYIR
ALFAS,ALFA SOLAR ENERJİ SANAYİ VE TİCARET A.Ş.,BEYAN_VAR,3,KAFIF_VAR,HAYIR
ALGYO,ALARKO GAYRİMENKUL YATIRIM ORTAKLIĞI A.Ş.,BEYAN_VAR,2,KAFIF_VAR,HAYIR
ALJF,ALJ FİNANSMAN A.Ş.,BEYAN_YOK,0,KAFIF_YOK,HAYIR
ALK,ALBARAKA TÜRK KATILIM BANKASI A.Ş.,KAPSAM_DISI,0,MUAF_SORGULANMADI,EVET
ALKA,ALKİM KAĞIT SANAYİ VE TİCARET A.Ş.,BEYAN_VAR,3,KAFIF_VAR,HAYIR
ALKIM,ALKİM ALKALİ KİMYA A.Ş.,BEYAN_VAR,5,KAFIF_VAR,HAYIR
ALKLC,ALTINKILIÇ GIDA VE SÜT SANAYİ TİCARET A.Ş.,BEYAN_VAR,3,KAFIF_VAR,HAYIR
ALNUS,ALNUS YATIRIM MENKUL DEĞERLER A.Ş.,KAPSAM_DISI,0,MUAF_SORGULANMADI,EVET
ALTNY,ALTINAY SAVUNMA TEKNOLOJİLERİ A.Ş.,BEYAN_VAR,3,KAFIF_VAR,HAYIR
ALVES,ALVES KABLO SANAYİ VE TİCARET A.Ş.,BEYAN_VAR,3,KAFIF_VAR,HAYIR
ANC,ALNUS YATIRIM MENKUL DEĞERLER A.Ş.,KAPSAM_DISI,0,MUAF_SORGULANMADI,EVET
ANELE,ANEL ELEKTRİK PROJE TAAHHÜT VE TİCARET A.Ş.,BEYAN_VAR,2,KAFIF_VAR,HAYIR
ANGEN,ANATOLİA TANI VE BİYOTEKNOLOJİ ÜRÜNLERİ ARAŞTIRMA GELİŞTİRME SANAYİ VE TİCARET A.Ş.,BEYAN_VAR,5,KAFIF_VAR,HAYIR
ANHYT,ANADOLU HAYAT EMEKLİLİK A.Ş.,KAPSAM_DISI,0,MUAF_SORGULANMADI,EVET
ANSGR,ANADOLU ANONİM TÜRK SİGORTA ŞİRKETİ,KAPSAM_DISI,0,MUAF_SORGULANMADI,EVET
ARASE,DOĞU ARAS ENERJİ YATIRIMLARI A.Ş.,BEYAN_VAR,3,KAFIF_VAR,HAYIR
ARCLK,ARÇELİK A.Ş.,BEYAN_VAR,2,KAFIF_VAR,HAYIR
ARDYZ,ARD GRUP BİLİŞİM TEKNOLOJİLERİ A.Ş.,BEYAN_VAR,3,KAFIF_VAR,HAYIR
ARENA,ARENA BİLGİSAYAR SANAYİ VE TİCARET A.Ş.,BEYAN_VAR,2,KAFIF_VAR,HAYIR
ARFYE,ARF BİO YENİLENEBİLİR ENERJİ ÜRETİM A.Ş.,BEYAN_VAR,3,KAFIF_VAR,HAYIR
ARMGD,ARMADA GIDA TİCARET SANAYİ A.Ş.,BEYAN_VAR,2,KAFIF_VAR,HAYIR
ARSAN,ARSAN HOLDİNG A.Ş.,BEYAN_VAR,2,KAFIF_VAR,HAYIR
ARSVY,ARSAN VARLIK YÖNETİM A.Ş.,KAPSAM_DISI,0,MUAF_SORGULANMADI,EVET
ARTMS,ARTEMİS HALI A.Ş.,BEYAN_VAR,3,KAFIF_VAR,HAYIR
ARZUM,ARZUM ELEKTRİKLİ EV ALETLERİ SANAYİ VE TİCARET A.Ş.,BEYAN_VAR,3,KAFIF_VAR,HAYIR
ASELS,ASELSAN ELEKTRONİK SANAYİ VE TİCARET A.Ş.,BEYAN_VAR,3,KAFIF_VAR,HAYIR
ASGYO,ASCE GAYRİMENKUL YATIRIM ORTAKLIĞI A.Ş.,BEYAN_VAR,2,KAFIF_VAR,HAYIR
ASTOR,ASTOR ENERJİ A.Ş.,BEYAN_VAR,2,KAFIF_VAR,HAYIR
ASUZU,ANADOLU ISUZU OTOMOTİV SANAYİ VE TİCARET A.Ş.,BEYAN_VAR,3,KAFIF_VAR,HAYIR
ATA,ATA YATIRIM MENKUL KIYMETLER A.Ş.,KAPSAM_DISI,0,MUAF_SORGULANMADI,EVET
ATAGY,ATA GAYRİMENKUL YATIRIM ORTAKLIĞI A.Ş.,BEYAN_VAR,3,KAFIF_VAR,HAYIR
ATAKP,ATAKEY PATATES GIDA SANAYİ VE TİCARET A.Ş.,BEYAN_VAR,3,KAFIF_VAR,HAYIR
ATATP,ATP YAZILIM VE TEKNOLOJİ A.Ş.,BEYAN_VAR,2,KAFIF_VAR,HAYIR
ATATR,ATA TURİZM İŞLETMECİLİK TAŞIMACILIK MADENCİLİK KUYUMCULUK SANAYİ VE DIŞ TİCARET A.Ş.,BEYAN_VAR,1,KAFIF_VAR,HAYIR
ATAVK,ATA VARLIK KİRALAMA A.Ş.,AYIRT_EDILEMEDI,0,KAFIF_YOK,
ATAYM,ATA YATIRIM MENKUL KIYMETLER A.Ş.,KAPSAM_DISI,0,MUAF_SORGULANMADI,EVET
ATEKS,AKIN TEKSTİL A.Ş.,BEYAN_VAR,2,KAFIF_VAR,HAYIR
ATLAS,ATLAS MENKUL KIYMETLER YATIRIM ORTAKLIĞI A.Ş.,KAPSAM_DISI,0,MUAF_SORGULANMADI,EVET
ATLFA,ATILIM FAKTORİNG A.Ş.,KAPSAM_DISI,0,MUAF_SORGULANMADI,EVET
ATSYH,ATLANTİS YATIRIM HOLDİNG A.Ş.,BEYAN_VAR,1,KAFIF_VAR,HAYIR
AVGYO,AVRASYA GAYRİMENKUL YATIRIM ORTAKLIĞI A.Ş.,BEYAN_VAR,2,KAFIF_VAR,HAYIR
AVHOL,AVRUPA YATIRIM HOLDİNG A.Ş.,BEYAN_VAR,2,KAFIF_VAR,HAYIR
AVOD,A.V.O.D. KURUTULMUŞ GIDA VE TARIM ÜRÜNLERİ SANAYİ TİCARET A.Ş.,BEYAN_VAR,2,KAFIF_VAR,HAYIR
AVPGY,AVRUPAKENT GAYRİMENKUL YATIRIM ORTAKLIĞI A.Ş.,BEYAN_VAR,2,KAFIF_VAR,HAYIR
AVTUR,AVRASYA PETROL VE TURİSTİK TESİSLER YATIRIMLAR A.Ş.,BEYAN_VAR,2,KAFIF_VAR,HAYIR
AYCES,ALTIN YUNUS ÇEŞME TURİSTİK TESİSLER A.Ş.,BEYAN_VAR,4,KAFIF_VAR,HAYIR
AYDEM,AYDEM YENİLENEBİLİR ENERJİ A.Ş.,BEYAN_VAR,2,KAFIF_VAR,HAYIR
AYEN,AYEN ENERJİ A.Ş.,BEYAN_VAR,4,KAFIF_VAR,HAYIR
AYES,AYES ÇELİK HASIR VE ÇİT SANAYİ A.Ş.,BEYAN_VAR,3,KAFIF_VAR,HAYIR
AYGAZ,AYGAZ A.Ş.,BEYAN_VAR,2,KAFIF_VAR,HAYIR
AZTEK,AZTEK TEKNOLOJİ ÜRÜNLERİ TİCARET A.Ş.,BEYAN_VAR,2,KAFIF_VAR,HAYIR
BAGFS,BAGFAŞ BANDIRMA GÜBRE FABRİKALARI A.Ş.,BEYAN_VAR,2,KAFIF_VAR,HAYIR
BAHKM,BAHADIR KİMYA SANAYİ VE TİCARET A.Ş.,BEYAN_VAR,3,KAFIF_VAR,HAYIR
BAKAB,BAK AMBALAJ SANAYİ VE TİCARET A.Ş.,BEYAN_VAR,2,KAFIF_VAR,HAYIR
BALAT,BALATACILAR BALATACILIK SANAYİ VE TİCARET A.Ş.,BEYAN_YOK,0,KAFIF_YOK,HAYIR
BALSU,BALSU GIDA SANAYİ VE TİCARET A.Ş.,BEYAN_VAR,2,KAFIF_VAR,HAYIR
BANVT,BANVİT BANDIRMA VİTAMİNLİ YEM SANAYİ A.Ş.,BEYAN_VAR,4,KAFIF_VAR,HAYIR
BARMA,BAREM AMBALAJ SANAYİ VE TİCARET A.Ş.,BEYAN_VAR,3,KAFIF_VAR,HAYIR
BASCM,BAŞTAŞ BAŞKENT ÇİMENTO SANAYİ VE TİCARET A.Ş.,BEYAN_VAR,2,KAFIF_VAR,HAYIR
BASGZ,BAŞKENT DOĞALGAZ DAĞITIM GAYRİMENKUL YATIRIM ORTAKLIĞI A.Ş.,BEYAN_VAR,3,KAFIF_VAR,HAYIR
BAYRK,BAYRAK EBT TABAN SANAYİ VE TİCARET A.Ş.,BEYAN_VAR,3,KAFIF_VAR,HAYIR
BEGYO,BATI EGE GAYRİMENKUL YATIRIM ORTAKLIĞI A.Ş.,BEYAN_VAR,1,KAFIF_VAR,HAYIR
BERA,BERA HOLDİNG A.Ş.,BEYAN_VAR,2,KAFIF_VAR,HAYIR
BESLR,BESLER GIDA VE KİMYA SANAYİ VE TİCARET A.Ş.,BEYAN_VAR,2,KAFIF_VAR,HAYIR
BESTE,BEST BRANDS GRUP ENERJİ YATIRIM A.Ş.,BEYAN_VAR,1,KAFIF_VAR,HAYIR
BETAE,BETA ENERJİ VE TEKNOLOJİ A.Ş.,BEYAN_YOK,0,KAFIF_YOK,HAYIR
BEYAZ,BEYAZ FİLO OTO KİRALAMA A.Ş.,BEYAN_VAR,3,KAFIF_VAR,HAYIR
BFREN,BOSCH FREN SİSTEMLERİ SANAYİ VE TİCARET A.Ş.,BEYAN_YOK,0,KAFIF_YOK,HAYIR
BIENY,BİEN YAPI ÜRÜNLERİ SANAYİ TURİZM VE TİCARET A.Ş.,BEYAN_VAR,2,KAFIF_VAR,HAYIR
BIGCH,BÜYÜK ŞEFLER GIDA TURİZM TEKSTİL DANIŞMANLIK ORGANİZASYON EĞİTİM SANAYİ VE TİCARET A.Ş.,BEYAN_VAR,2,KAFIF_VAR,HAYIR
BIGEN,BİRLEŞİM GRUP ENERJİ YATIRIMLARI A.Ş.,BEYAN_VAR,3,KAFIF_VAR,HAYIR
BIGTK,BİG MEDYA TEKNOLOJİ A.Ş.,BEYAN_YOK,0,KAFIF_YOK,HAYIR
BIMAS,BİM BİRLEŞİK MAĞAZALAR A.Ş.,BEYAN_VAR,4,KAFIF_VAR,HAYIR
BINBN,BİN ULAŞIM VE AKILLI ŞEHİR TEKNOLOJİLERİ A.Ş.,BEYAN_VAR,2,KAFIF_VAR,HAYIR
BINHO,1000 YATIRIMLAR HOLDİNG A.Ş.,BEYAN_VAR,2,KAFIF_VAR,HAYIR
BIOEN,BİOTREND ÇEVRE VE ENERJİ YATIRIMLARI A.Ş.,BEYAN_VAR,2,KAFIF_VAR,HAYIR
BIZIM,BİZİM TOPTAN SATIŞ MAĞAZALARI A.Ş.,BEYAN_VAR,2,KAFIF_VAR,HAYIR
BJKAS,BEŞİKTAŞ FUTBOL YATIRIMLARI SANAYİ VE TİCARET A.Ş.,BEYAN_VAR,2,KAFIF_VAR,HAYIR
BLCYT,BİLİCİ YATIRIM SANAYİ VE TİCARET A.Ş.,BEYAN_VAR,2,KAFIF_VAR,HAYIR
BLKOM,BİLKOM BİLİŞİM HİZMETLERİ A.Ş.,BEYAN_YOK,0,KAFIF_YOK,HAYIR
BLS,BULLS YATIRIM MENKUL DEĞERLER A.Ş.,KAPSAM_DISI,0,MUAF_SORGULANMADI,EVET
BLSMD,BULLS YATIRIM MENKUL DEĞERLER A.Ş.,KAPSAM_DISI,0,MUAF_SORGULANMADI,EVET
BLUME,BLUME METAL KİMYA A.Ş.,BEYAN_VAR,2,KAFIF_VAR,HAYIR
BMSCH,BMS ÇELİK HASIR SANAYİ VE TİCARET A.Ş.,BEYAN_VAR,2,KAFIF_VAR,HAYIR
BMSTL,BMS BİRLEŞİK METAL SANAYİ VE TİCARET A.Ş.,BEYAN_VAR,3,KAFIF_VAR,HAYIR
BNPPI,BNP PARIBAS ISSUANCE B.V.,BEYAN_YOK,0,KAFIF_YOK,HAYIR
BNTAS,BANTAŞ BANDIRMA AMBALAJ SANAYİ VE TİCARET A.Ş.,BEYAN_VAR,4,KAFIF_VAR,HAYIR
BOBET,BOĞAZİÇİ BETON SANAYİ VE TİCARET A.Ş.,BEYAN_VAR,3,KAFIF_VAR,HAYIR
BORLS,BORLEASE OTOMOTİV A.Ş.,BEYAN_VAR,3,KAFIF_VAR,HAYIR
BORSK,BOR ŞEKER A.Ş.,BEYAN_VAR,4,KAFIF_VAR,HAYIR
BOSSA,BOSSA TİCARET VE SANAYİ İŞLETMELERİ T.A.Ş.,BEYAN_VAR,2,KAFIF_VAR,HAYIR
BRGAN,BURGAN BANK A.Ş.,KAPSAM_DISI,0,MUAF_SORGULANMADI,EVET
BRGFK,BURGAN FİNANSAL KİRALAMA A.Ş.,KAPSAM_DISI,0,MUAF_SORGULANMADI,EVET
BRISA,BRİSA BRİDGESTONE SABANCI LASTİK SANAYİ VE TİCARET A.Ş.,BEYAN_VAR,4,KAFIF_VAR,HAYIR
BRKO,BİRKO BİRLEŞİK KOYUNLULULAR MENSUCAT TİCARET VE SANAYİ A.Ş.,BEYAN_VAR,2,KAFIF_VAR,HAYIR
BRKSN,BERKOSAN YALITIM VE TECRİT MADDELERİ ÜRETİM VE TİCARET A.Ş.,BEYAN_VAR,2,KAFIF_VAR,HAYIR
BRKT,BEREKET VARLIK KİRALAMA A.Ş.,AYIRT_EDILEMEDI,0,KAFIF_YOK,
BRKVY,BİRİKİM VARLIK YÖNETİM A.Ş.,KAPSAM_DISI,0,MUAF_SORGULANMADI,EVET
BRLSM,BİRLEŞİM MÜHENDİSLİK ISITMA SOĞUTMA HAVALANDIRMA SANAYİ VE TİCARET A.Ş.,BEYAN_VAR,2,KAFIF_VAR,HAYIR
BRMEN,BİRLİK MENSUCAT TİCARET VE SANAYİ İŞLETMESİ A.Ş.,BEYAN_VAR,2,KAFIF_VAR,HAYIR
BRSAN,BORUSAN BİRLEŞİK BORU FABRİKALARI SANAYİ VE TİCARET A.Ş.,BEYAN_VAR,2,KAFIF_VAR,HAYIR
BRYAT,BORUSAN YATIRIM VE PAZARLAMA A.Ş.,BEYAN_VAR,2,KAFIF_VAR,HAYIR
BSOKE,BATIÇİM ÇİMENTO SANAYİ A.Ş.,BEYAN_VAR,2,KAFIF_VAR,HAYIR
BTCIM,BATIÇİM BATI ANADOLU SANAYİ VE TİCARET A.Ş.,BEYAN_VAR,2,KAFIF_VAR,HAYIR
BUCIM,BURSA ÇİMENTO FABRİKASI A.Ş.,BEYAN_VAR,2,KAFIF_VAR,HAYIR
BULGS,BULLS GİRİŞİM SERMAYESİ YATIRIM ORTAKLIĞI A.Ş.,BEYAN_VAR,2,KAFIF_VAR,HAYIR
BUR,BURGAN BANK A.Ş.,KAPSAM_DISI,0,MUAF_SORGULANMADI,EVET
BURCE,BURÇELİK BURSA ÇELİK DÖKÜM SANAYİİ A.Ş.,BEYAN_VAR,2,KAFIF_VAR,HAYIR
BURVA,BURÇELİK VANA SANAYİ VE TİCARET A.Ş.,BEYAN_VAR,2,KAFIF_VAR,HAYIR
BVSAN,BÜLBÜLOĞLU VİNÇ SANAYİ VE TİCARET A.Ş.,BEYAN_VAR,2,KAFIF_VAR,HAYIR
BYDNR,BAYDÖNER RESTORANLARI A.Ş.,BEYAN_VAR,3,KAFIF_VAR,HAYIR
CAGFA,ÇAĞDAŞ FAKTORİNG A.Ş.,KAPSAM_DISI,0,MUAF_SORGULANMADI,EVET
CANTE,ÇAN2 TERMİK A.Ş.,BEYAN_VAR,2,KAFIF_VAR,HAYIR
CASA,CASA EMTİA PETROL KİMYEVİ VE TÜREVLERİ SANAYİ VE TİCARET A.Ş.,BEYAN_VAR,4,KAFIF_VAR,HAYIR
CATES,ÇATES ELEKTRİK ÜRETİM A.Ş.,BEYAN_VAR,3,KAFIF_VAR,HAYIR
CCOLA,COCA-COLA İÇECEK A.Ş.,BEYAN_VAR,2,KAFIF_VAR,HAYIR
CELHA,ÇELİK HALAT VE TEL SANAYİİ A.Ş.,BEYAN_VAR,2,KAFIF_VAR,HAYIR
CEMAS,ÇEMAŞ DÖKÜM SANAYİ A.Ş.,BEYAN_VAR,2,KAFIF_VAR,HAYIR
CEMTS,ÇEMTAŞ ÇELİK MAKİNA SANAYİ VE TİCARET A.Ş.,BEYAN_VAR,2,KAFIF_VAR,HAYIR
CEMZY,CEM ZEYTİN A.Ş.,BEYAN_VAR,2,KAFIF_VAR,HAYIR
CEOEM,CEO EVENT MEDYA A.Ş.,BEYAN_VAR,2,KAFIF_VAR,HAYIR
CGCAM,ÇAĞDAŞ CAM SANAYİ VE TİCARET A.Ş.,BEYAN_VAR,3,KAFIF_VAR,HAYIR
CIMSA,ÇİMSA ÇİMENTO SANAYİ VE TİCARET A.Ş.,BEYAN_VAR,3,KAFIF_VAR,HAYIR
CLEBI,ÇELEBİ HAVA SERVİSİ A.Ş.,BEYAN_VAR,2,KAFIF_VAR,HAYIR
CLKMT,ÇELİK MOTOR TİCARET A.Ş.,BEYAN_YOK,0,KAFIF_YOK,HAYIR
CMBTN,ÇİMBETON HAZIRBETON VE PREFABRİK YAPI ELEMANLARI SANAYİ VE TİCARET A.Ş.,BEYAN_VAR,3,KAFIF_VAR,HAYIR
CMENT,ÇİMENTAŞ İZMİR ÇİMENTO FABRİKASI T.A.Ş.,BEYAN_VAR,2,KAFIF_VAR,HAYIR
CMSAN,ÇAMSAN ENTEGRE AĞAÇ SANAYİ VE TİCARET A.Ş.,BEYAN_YOK,0,KAFIF_YOK,HAYIR
CONSE,CONSUS ENERJİ İŞLETMECİLİĞİ VE HİZMETLERİ A.Ş.,BEYAN_VAR,2,KAFIF_VAR,HAYIR
COSMO,COSMOS YATIRIM HOLDİNG A.Ş.,BEYAN_VAR,2,KAFIF_VAR,HAYIR
CRDFA,CREDITWEST FAKTORİNG A.Ş.,KAPSAM_DISI,0,MUAF_SORGULANMADI,EVET
CRFSA,CARREFOURSA CARREFOUR SABANCI TİCARET MERKEZİ A.Ş.,BEYAN_VAR,2,KAFIF_VAR,HAYIR
CUSAN,ÇUHADAROĞLU METAL SANAYİ VE PAZARLAMA A.Ş.,BEYAN_VAR,2,KAFIF_VAR,HAYIR
CVKMD,CVK MADEN İŞLETMELERİ SANAYİ VE TİCARET A.Ş.,BEYAN_VAR,3,KAFIF_VAR,HAYIR
CWENE,CW ENERJİ MÜHENDİSLİK TİCARET VE SANAYİ A.Ş.,BEYAN_VAR,3,KAFIF_VAR,HAYIR
DAGI,DAGİ GİYİM SANAYİ VE TİCARET A.Ş.,BEYAN_VAR,3,KAFIF_VAR,HAYIR
DAPGM,DAP GAYRİMENKUL GELİŞTİRME A.Ş.,BEYAN_VAR,3,KAFIF_VAR,HAYIR
DARDL,DARDANEL ÖNENTAŞ GIDA SANAYİ A.Ş.,BEYAN_VAR,4,KAFIF_VAR,HAYIR
DCTTR,DCT TRADİNG DIŞ TİCARET A.Ş.,BEYAN_VAR,3,KAFIF_VAR,HAYIR
DENFA,DENİZ FAKTORİNG A.Ş.,KAPSAM_DISI,0,MUAF_SORGULANMADI,EVET
DENGE,DENGE YATIRIM HOLDİNG A.Ş.,BEYAN_VAR,5,KAFIF_VAR,HAYIR
DENVA,DENGE VARLIK YÖNETİM A.Ş.,KAPSAM_DISI,0,MUAF_SORGULANMADI,EVET
DERHL,DERLÜKS YATIRIM HOLDİNG A.Ş.,BEYAN_VAR,2,KAFIF_VAR,HAYIR
DERIM,DERİMOD KONFEKSİYON AYAKKABI DERİ SANAYİ VE TİCARET A.Ş.,BEYAN_VAR,3,KAFIF_VAR,HAYIR
DESA,DESA DERİ SANAYİ VE TİCARET A.Ş.,BEYAN_VAR,3,KAFIF_VAR,HAYIR
DESPC,DESPEC BİLGİSAYAR PAZARLAMA VE TİCARET A.Ş.,BEYAN_VAR,2,KAFIF_VAR,HAYIR
DEVA,DEVA HOLDİNG A.Ş.,BEYAN_VAR,2,KAFIF_VAR,HAYIR
DFKTR,DORUK FAKTORİNG A.Ş.,KAPSAM_DISI,0,MUAF_SORGULANMADI,EVET
DGATE,DATAGATE BİLGİSAYAR MALZEMELERİ TİCARET A.Ş.,BEYAN_VAR,2,KAFIF_VAR,HAYIR
DGGYO,DOĞUŞ GAYRİMENKUL YATIRIM ORTAKLIĞI A.Ş.,BEYAN_VAR,2,KAFIF_VAR,HAYIR
DGNMO,DOĞANLAR MOBİLYA GRUBU İMALAT SANAYİ VE TİCARET A.Ş.,BEYAN_VAR,2,KAFIF_VAR,HAYIR
DGRVK,DEĞER VARLIK KİRALAMA A.Ş.,AYIRT_EDILEMEDI,0,KAFIF_YOK,
DIMES,DİMES GIDA SANAYİ VE TİCARET A.Ş.,BEYAN_YOK,0,BOS_SONUC,HAYIR
DIRIT,DİRİTEKS DİRİLİŞ TEKSTİL SANAYİ VE TİCARET A.Ş.,BEYAN_VAR,2,KAFIF_VAR,HAYIR
DITAS,DİTAŞ BDY YEDEK PARÇA İMALAT VE TEKNİK A.Ş.,BEYAN_VAR,3,KAFIF_VAR,HAYIR
DKVRL,DK VARLIK KİRALAMA A.Ş.,AYIRT_EDILEMEDI,0,KAFIF_YOK,
DMD,DESTEK YATIRIM MENKUL DEĞERLER A.Ş.,KAPSAM_DISI,0,MUAF_SORGULANMADI,EVET
DMLKT,EMLAK KONUT DAMLA KENT GMS,BEYAN_YOK,0,KAFIF_YOK,HAYIR
DMRGD,DMR UNLU MAMULLER ÜRETİM GIDA TOPTAN PERAKENDE İHRACAT A.Ş.,BEYAN_VAR,2,KAFIF_VAR,HAYIR
DMSAS,DEMİSAŞ DÖKÜM EMAYE MAMÜLLERİ SANAYİ A.Ş.,BEYAN_VAR,2,KAFIF_VAR,HAYIR
DNFIN,DENİZ FİNANSAL KİRALAMA A.Ş.,KAPSAM_DISI,0,MUAF_SORGULANMADI,EVET
DNISI,DİNAMİK ISI MAKİNA YALITIM MALZEMELERİ SANAYİ VE TİCARET A.Ş.,BEYAN_VAR,2,KAFIF_VAR,HAYIR
DNYVA,DÜNYA VARLIK YÖNETİM A.Ş.,KAPSAM_DISI,0,MUAF_SORGULANMADI,EVET
DNZEN,DENİZ EKO ENERJİ VE GERİ DÖNÜŞÜM A.Ş.,BEYAN_YOK,0,KAFIF_YOK,HAYIR
DOAS,DOĞUŞ OTOMOTİV SERVİS VE TİCARET A.Ş.,BEYAN_YOK,0,KAFIF_YOK,HAYIR
DOCO,DO & CO AKTIENGESELLSCHAFT,BEYAN_YOK,0,BOS_SONUC,HAYIR
DOFER,DOFER YAPI MALZEMELERİ SANAYİ VE TİCARET A.Ş.,BEYAN_VAR,4,KAFIF_VAR,HAYIR
DOFRB,DOF ROBOTİK SANAYİ A.Ş.,BEYAN_VAR,3,KAFIF_VAR,HAYIR
DOGUB,DOĞUSAN BORU SANAYİ VE TİCARET A.Ş.,BEYAN_VAR,5,KAFIF_VAR,HAYIR
DOGVY,DOĞRU VARLIK YÖNETİM A.Ş.,KAPSAM_DISI,0,MUAF_SORGULANMADI,EVET
DOHOL,DOĞAN ŞİRKETLER GRUBU HOLDİNG A.Ş.,BEYAN_VAR,2,KAFIF_VAR,HAYIR
DOKTA,DÖKTAŞ DÖKÜMCÜLÜK TİCARET VE SANAYİ A.Ş.,BEYAN_VAR,2,KAFIF_VAR,HAYIR
DRPHN,T.C. HAZİNE VE MALİYE BAKANLIĞI DARPHANE VE DAMGA MATBAASI GENEL MÜDÜRLÜĞÜ,BEYAN_YOK,0,KAFIF_YOK,HAYIR
DSTKF,DESTEK FİNANS FAKTORİNG A.Ş.,KAPSAM_DISI,0,MUAF_SORGULANMADI,EVET
DSYAT,DESTEK YATIRIM MENKUL DEĞERLER A.Ş.,KAPSAM_DISI,0,MUAF_SORGULANMADI,EVET
DUNYH,DÜNYA HOLDİNG A.Ş.,BEYAN_VAR,2,KAFIF_VAR,HAYIR
DURDO,DURAN DOĞAN BASIM VE AMBALAJ SANAYİ A.Ş.,BEYAN_VAR,2,KAFIF_VAR,HAYIR
DURKN,DURUKAN ŞEKERLEME SANAYİ VE TİCARET A.Ş.,BEYAN_VAR,3,KAFIF_VAR,HAYIR
DVRLK,D VARLIK KİRALAMA A.Ş.,AYIRT_EDILEMEDI,0,KAFIF_YOK,
DYBNK,D YATIRIM BANKASI A.Ş.,KAPSAM_DISI,0,MUAF_SORGULANMADI,EVET
DYOBY,DYO BOYA FABRİKALARI SANAYİ VE TİCARET A.Ş.,BEYAN_VAR,2,KAFIF_VAR,HAYIR
DZGYO,DENİZ GAYRİMENKUL YATIRIM ORTAKLIĞI A.Ş.,BEYAN_VAR,2,KAFIF_VAR,HAYIR
EBEBK,EBEBEK MAĞAZACILIK A.Ş.,BEYAN_VAR,2,KAFIF_VAR,HAYIR
ECILC,EİS ECZACIBAŞI İLAÇ SINAİ VE FİNANSAL YATIRIMLAR SANAYİ VE TİCARET A.Ş.,BEYAN_VAR,2,KAFIF_VAR,HAYIR
ECOGR,ECOGREEN ENERJİ HOLDİNG A.Ş.,BEYAN_VAR,1,KAFIF_VAR,HAYIR
ECZIP,EİP ECZACIBAŞI İLAÇ PAZARLAMA A.Ş.,BEYAN_YOK,0,KAFIF_YOK,HAYIR
ECZYT,ECZACIBAŞI YATIRIM HOLDİNG ORTAKLIĞI A.Ş.,BEYAN_VAR,2,KAFIF_VAR,HAYIR
EDATA,E-DATA TEKNOLOJİ PAZARLAMA A.Ş.,BEYAN_VAR,2,KAFIF_VAR,HAYIR
EDIP,EDİP GAYRİMENKUL YATIRIM SANAYİ VE TİCARET A.Ş.,BEYAN_VAR,2,KAFIF_VAR,HAYIR
EFOR,EFOR YATIRIM SANAYİ TİCARET A.Ş.,BEYAN_VAR,2,KAFIF_VAR,HAYIR
EGEEN,EGE ENDÜSTRİ VE TİCARET A.Ş.,BEYAN_VAR,2,KAFIF_VAR,HAYIR
EGEGY,EGEYAPI AVRUPA GAYRİMENKUL YATIRIM ORTAKLIĞI A.Ş.,BEYAN_VAR,3,KAFIF_VAR,HAYIR
EGEPO,NASMED ÖZEL SAĞLIK HİZMETLERİ TİCARET A.Ş.,BEYAN_VAR,4,KAFIF_VAR,HAYIR
EGGUB,EGE GÜBRE SANAYİİ A.Ş.,BEYAN_VAR,2,KAFIF_VAR,HAYIR
EGPRO,EGE PROFİL TİCARET VE SANAYİ A.Ş.,BEYAN_VAR,2,KAFIF_VAR,HAYIR
EGSER,EGE SERAMİK SANAYİ VE TİCARET A.Ş.,BEYAN_VAR,2,KAFIF_VAR,HAYIR
EKDMR,EKİNCİLER DEMİR VE ÇELİK SANAYİ A.Ş.,BEYAN_VAR,1,KAFIF_VAR,HAYIR
EKER,EKER SÜT ÜRÜNLERİ GIDA SANAYİ VE TİCARET A.Ş.,BEYAN_YOK,0,KAFIF_YOK,HAYIR
EKGYO,EMLAK KONUT GAYRİMENKUL YATIRIM ORTAKLIĞI A.Ş.,BEYAN_VAR,3,KAFIF_VAR,HAYIR
EKIM,EKİM TURİZM TİCARET VE SANAYİ A.Ş.,BEYAN_YOK,0,KAFIF_YOK,HAYIR
EKIZ,EKİZ KİMYA SANAYİ VE TİCARET A.Ş.,BEYAN_VAR,2,KAFIF_VAR,HAYIR
EKOFA,EKO FAKTORİNG A.Ş.,KAPSAM_DISI,0,MUAF_SORGULANMADI,EVET
EKOS,EKOS TEKNOLOJİ VE ELEKTRİK A.Ş.,BEYAN_VAR,3,KAFIF_VAR,HAYIR
EKSUN,EKSUN GIDA TARIM SANAYİ VE TİCARET A.Ş.,BEYAN_VAR,3,KAFIF_VAR,HAYIR
EKTVK,EMLAK KATILIM VARLIK KİRALAMA A.Ş.,AYIRT_EDILEMEDI,0,KAFIF_YOK,
ELITE,ELİTE NATUREL ORGANİK GIDA SANAYİ VE TİCARET A.Ş.,BEYAN_VAR,2,KAFIF_VAR,HAYIR
EMIRV,EMİR VARLIK YÖNETİM A.Ş.,KAPSAM_DISI,0,MUAF_SORGULANMADI,EVET
EMKEL,EMEK ELEKTRİK ENDÜSTRİSİ A.Ş.,BEYAN_VAR,2,KAFIF_VAR,HAYIR
EMNIS,EMİNİŞ AMBALAJ SANAYİ VE TİCARET A.Ş.,BEYAN_VAR,2,KAFIF_VAR,HAYIR
EMPAE,EMPA ELEKTRONİK SANAYİ VE TİCARET A.Ş.,BEYAN_VAR,1,KAFIF_VAR,HAYIR
EMVAR,EMLAK VARLIK KİRALAMA A.Ş.,AYIRT_EDILEMEDI,0,KAFIF_YOK,
ENDAE,ENDA ENERJİ HOLDİNG A.Ş.,BEYAN_VAR,2,KAFIF_VAR,HAYIR
ENERY,ENERYA ENERJİ A.Ş.,BEYAN_VAR,2,KAFIF_VAR,HAYIR
ENJSA,ENERJİSA ENERJİ A.Ş.,BEYAN_VAR,2,KAFIF_VAR,HAYIR
ENKAI,ENKA İNŞAAT VE SANAYİ A.Ş.,BEYAN_VAR,2,KAFIF_VAR,HAYIR
ENPRA,ENPARA BANK A.Ş.,KAPSAM_DISI,0,MUAF_SORGULANMADI,EVET
ENSRI,ENSARİ SINAİ YATIRIMLAR A.Ş.,BEYAN_VAR,2,KAFIF_VAR,HAYIR
ENTRA,IC ENTERRA YENİLENEBİLİR ENERJİ A.Ş.,BEYAN_VAR,2,KAFIF_VAR,HAYIR
EPLAS,EGEPLAST EGE PLASTİK TİCARET VE SANAYİ A.Ş.,BEYAN_VAR,2,KAFIF_VAR,HAYIR
ERBOS,ERBOSAN ERCİYAS BORU SANAYİ VE TİCARET A.Ş.,BEYAN_VAR,1,KAFIF_VAR,HAYIR
ERCB,ERCİYAS ÇELİK BORU SANAYİ A.Ş.,BEYAN_VAR,2,KAFIF_VAR,HAYIR
EREGL,EREĞLİ DEMİR VE ÇELİK FABRİKALARI T.A.Ş.,BEYAN_VAR,2,KAFIF_VAR,HAYIR
ERGLI,EREĞLİ TEKSTİL TURİZM SANAYİ VE TİCARET A.Ş.,BEYAN_YOK,0,KAFIF_YOK,HAYIR
ERSU,ERSU MEYVE VE GIDA SANAYİ A.Ş.,BEYAN_VAR,2,KAFIF_VAR,HAYIR
ESCAR,ESCAR FİLO KİRALAMA HİZMETLERİ A.Ş.,BEYAN_VAR,2,KAFIF_VAR,HAYIR
ESCOM,ESCORT TEKNOLOJİ YATIRIM A.Ş.,BEYAN_VAR,3,KAFIF_VAR,HAYIR
ESEN,ESENBOĞA ELEKTRİK ÜRETİM A.Ş.,BEYAN_VAR,3,KAFIF_VAR,HAYIR
ETILR,ETİLER GIDA VE TİCARİ YATIRIMLAR SANAYİ VE TİCARET A.Ş.,BEYAN_VAR,2,KAFIF_VAR,HAYIR
ETYAT,EURO TREND YATIRIM ORTAKLIĞI A.Ş.,AYIRT_EDILEMEDI,0,KAFIF_YOK,
EUHOL,EURO YATIRIM HOLDİNG A.Ş.,BEYAN_YOK,0,KAFIF_YOK,HAYIR
EUKYO,EURO KAPİTAL YATIRIM ORTAKLIĞI A.Ş.,AYIRT_EDILEMEDI,0,KAFIF_YOK,
EUPWR,EUROPOWER ENERJİ VE OTOMASYON TEKNOLOJİLERİ SANAYİ TİCARET A.Ş.,BEYAN_VAR,2,KAFIF_VAR,HAYIR
EUREN,EUROPEN ENDÜSTRİ İNŞAAT SANAYİ VE TİCARET A.Ş.,BEYAN_VAR,2,KAFIF_VAR,HAYIR
EUYO,EURO MENKUL KIYMET YATIRIM ORTAKLIĞI A.Ş.,KAPSAM_DISI,0,MUAF_SORGULANMADI,EVET
EXIMB,TÜRKİYE İHRACAT KREDİ BANKASI A.Ş.,KAPSAM_DISI,0,MUAF_SORGULANMADI,EVET
EYGYO,EYG GAYRİMENKUL YATIRIM ORTAKLIĞI A.Ş.,BEYAN_VAR,3,KAFIF_VAR,HAYIR
FADE,FADE GIDA YATIRIM SANAYİ TİCARET A.Ş.,BEYAN_VAR,2,KAFIF_VAR,HAYIR
FAIRF,FAİR FİNANSMAN A.Ş.,BEYAN_YOK,0,KAFIF_YOK,HAYIR
FBB,FİBABANKA A.Ş.,KAPSAM_DISI,0,MUAF_SORGULANMADI,EVET
FBBNK,FİBABANKA A.Ş.,KAPSAM_DISI,0,MUAF_SORGULANMADI,EVET
FENER,FENERBAHÇE FUTBOL A.Ş.,BEYAN_VAR,2,KAFIF_VAR,HAYIR
FIGOF,FİGO FİNANS FAKTORİNG A.Ş.,KAPSAM_DISI,0,MUAF_SORGULANMADI,EVET
FIN,QNB BANK A.Ş.,KAPSAM_DISI,0,MUAF_SORGULANMADI,EVET
FKPET,FİKRET PETROL ÜRÜNLERİ PAZARLAMA SANAYİ VE TİCARET A.Ş.,BEYAN_YOK,0,KAFIF_YOK,HAYIR
FLAP,FLAP KONGRE TOPLANTI HİZMETLERİ OTOMOTİV VE TURİZM A.Ş.,BEYAN_VAR,2,KAFIF_VAR,HAYIR
FMIZP,FEDERAL MOGUL İZMİT PİSTON VE PİM ÜRETİM TESİSLERİ A.Ş.,BEYAN_VAR,3,KAFIF_VAR,HAYIR
FONET,FONET BİLGİ TEKNOLOJİLERİ A.Ş.,BEYAN_VAR,2,KAFIF_VAR,HAYIR
FORMT,FORMET METAL VE CAM SANAYİ A.Ş.,BEYAN_VAR,3,KAFIF_VAR,HAYIR
FORTE,FORTE BİLGİ İLETİŞİM TEKNOLOJİLERİ VE SAVUNMA SANAYİ A.Ş.,BEYAN_VAR,4,KAFIF_VAR,HAYIR
FRIGO,FRİGO-PAK GIDA MADDELERİ SANAYİ VE TİCARET A.Ş.,BEYAN_VAR,3,KAFIF_VAR,HAYIR
FRMPL,FORMÜL PLASTİK VE METAL SANAYİ A.Ş.,BEYAN_VAR,1,KAFIF_VAR,HAYIR
FROTO,FORD OTOMOTİV SANAYİ A.Ş.,BEYAN_VAR,2,KAFIF_VAR,HAYIR
FZLGY,FUZUL GAYRİMENKUL YATIRIM ORTAKLIĞI A.Ş.,BEYAN_VAR,2,KAFIF_VAR,HAYIR
GARAN,TÜRKİYE GARANTİ BANKASI A.Ş.,KAPSAM_DISI,0,MUAF_SORGULANMADI,EVET
GARFA,GARANTİ FAKTORİNG A.Ş.,KAPSAM_DISI,0,MUAF_SORGULANMADI,EVET
GARFL,GARANTİ BBVA OPERASYONEL KİRALAMA HİZMETLERİ A.Ş.,BEYAN_YOK,0,KAFIF_YOK,HAYIR
GATEG,GATE GROUP TEKNOLOJİ MEDYA VE SİBER GÜVENLİK HİZMETLERİ A.Ş.,BEYAN_YOK,0,KAFIF_YOK,HAYIR
GEDIK,GEDİK YATIRIM MENKUL DEĞERLER A.Ş.,KAPSAM_DISI,0,MUAF_SORGULANMADI,EVET
GEDZA,GEDİZ AMBALAJ SANAYİ VE TİCARET A.Ş.,BEYAN_VAR,3,KAFIF_VAR,HAYIR
GENIL,GEN İLAÇ VE SAĞLIK ÜRÜNLERİ SANAYİ VE TİCARET A.Ş.,BEYAN_VAR,3,KAFIF_VAR,HAYIR
GENKM,GENTAŞ KİMYA SANAYİ VE TİCARET PAZARLAMA A.Ş.,BEYAN_YOK,0,KAFIF_YOK,HAYIR
GENTS,GENTAŞ DEKORATİF YÜZEYLER SANAYİ VE TİCARET A.Ş.,BEYAN_VAR,2,KAFIF_VAR,HAYIR
GEREL,GERSAN ELEKTRİK TİCARET VE SANAYİ A.Ş.,BEYAN_VAR,2,KAFIF_VAR,HAYIR
GESAN,GİRİŞİM ELEKTRİK SANAYİ TAAHHÜT VE TİCARET A.Ş.,BEYAN_VAR,2,KAFIF_VAR,HAYIR
GGBVK,GOLDEN GLOBAL VARLIK KİRALAMA A.Ş.,AYIRT_EDILEMEDI,0,KAFIF_YOK,
GIPTA,GIPTA OFİS KIRTASİYE VE PROMOSYON ÜRÜNLERİ İMALAT SANAYİ A.Ş.,BEYAN_VAR,3,KAFIF_VAR,HAYIR
GLB,GLOBAL MENKUL DEĞERLER A.Ş.,KAPSAM_DISI,0,MUAF_SORGULANMADI,EVET
GLBMD,GLOBAL MENKUL DEĞERLER A.Ş.,KAPSAM_DISI,0,MUAF_SORGULANMADI,EVET
GLCVY,GELECEK VARLIK YÖNETİMİ A.Ş.,KAPSAM_DISI,0,MUAF_SORGULANMADI,EVET
GLRMK,GÜLERMAK AĞIR SANAYİ İNŞAAT VE TAAHHÜT A.Ş.,BEYAN_VAR,2,KAFIF_VAR,HAYIR
GLRYH,GÜLER YATIRIM HOLDİNG A.Ş.,BEYAN_VAR,2,KAFIF_VAR,HAYIR
GLYHO,GLOBAL YATIRIM HOLDİNG A.Ş.,BEYAN_VAR,3,KAFIF_VAR,HAYIR
GMTAS,GİMAT MAĞAZACILIK SANAYİ VE TİCARET A.Ş.,BEYAN_VAR,3,KAFIF_VAR,HAYIR
GOKNR,GÖKNUR GIDA MADDELERİ ENERJİ İMALAT İTHALAT İHRACAT TİCARET VE SANAYİ A.Ş.,BEYAN_VAR,3,KAFIF_VAR,HAYIR
GOLDA,GOLDA GIDA SANAYİ VE TİCARET A.Ş.,BEYAN_YOK,0,KAFIF_YOK,HAYIR
GOLTS,GÖLTAŞ GÖLLER BÖLGESİ ÇİMENTO SANAYİ VE TİCARET A.Ş.,BEYAN_VAR,2,KAFIF_VAR,HAYIR
GOODY,GOODYEAR LASTİKLERİ T.A.Ş.,BEYAN_VAR,2,KAFIF_VAR,HAYIR
GOZDE,GÖZDE GİRİŞİM SERMAYESİ YATIRIM ORTAKLIĞI A.Ş.,BEYAN_VAR,2,KAFIF_VAR,HAYIR
GRM,GARANTİ YATIRIM MENKUL KIYMETLER A.Ş.,KAPSAM_DISI,0,MUAF_SORGULANMADI,EVET
GRNYO,GARANTİ YATIRIM ORTAKLIĞI A.Ş.,AYIRT_EDILEMEDI,0,KAFIF_YOK,
GRSEL,GÜR-SEL TURİZM TAŞIMACILIK VE SERVİS TİCARET A.Ş.,BEYAN_VAR,3,KAFIF_VAR,HAYIR
GRTHO,GRAINTURK HOLDİNG A.Ş.,BEYAN_VAR,3,KAFIF_VAR,HAYIR
GRYAT,GARANTİ YATIRIM MENKUL KIYMETLER A.Ş.,KAPSAM_DISI,0,MUAF_SORGULANMADI,EVET
GSDDE,GSD DENİZCİLİK GAYRİMENKUL İNŞAAT SANAYİ VE TİCARET A.Ş.,BEYAN_VAR,2,KAFIF_VAR,HAYIR
GSDHO,GSD HOLDİNG A.Ş.,BEYAN_VAR,2,KAFIF_VAR,HAYIR
GSIPD,GOLDMAN SACHS INTERNATIONAL,BEYAN_YOK,0,KAFIF_YOK,HAYIR
GSRAY,GALATASARAY SPORTİF SINAİ VE TİCARİ YATIRIMLAR A.Ş.,BEYAN_VAR,2,KAFIF_VAR,HAYIR
GUBRF,GÜBRE FABRİKALARI T.A.Ş.,BEYAN_VAR,2,KAFIF_VAR,HAYIR
GUNDG,GÜNDOĞDU GIDA SÜT ÜRÜNLERİ SANAYİ VE DIŞ TİCARET A.Ş.,BEYAN_VAR,2,KAFIF_VAR,HAYIR
GWIND,GALATA WIND ENERJİ A.Ş.,BEYAN_VAR,2,KAFIF_VAR,HAYIR
GYVAR,GY VARLIK KİRALAMA A.Ş.,AYIRT_EDILEMEDI,0,KAFIF_YOK,
GZNMI,GEZİNOMİ SEYAHAT TURİZM TİCARET A.Ş.,BEYAN_VAR,3,KAFIF_VAR,HAYIR
HALKB,TÜRKİYE HALK BANKASI A.Ş.,KAPSAM_DISI,0,MUAF_SORGULANMADI,EVET
HALKF,HALK FİNANSAL KİRALAMA A.Ş.,KAPSAM_DISI,0,MUAF_SORGULANMADI,EVET
HALKI,HALK YATIRIM MENKUL DEĞERLER A.Ş.,KAPSAM_DISI,0,MUAF_SORGULANMADI,EVET
HATEK,HATEKS HATAY TEKSTİL İŞLETMELERİ A.Ş.,BEYAN_VAR,2,KAFIF_VAR,HAYIR
HATSN,HAT-SAN GEMİ İNŞAA BAKIM ONARIM DENİZ NAKLİYAT SANAYİ VE TİCARET A.Ş.,BEYAN_VAR,2,KAFIF_VAR,HAYIR
HAYVK,HAYAT VARLIK KİRALAMA A.Ş.,AYIRT_EDILEMEDI,0,KAFIF_YOK,
HDFFL,HEDEF ARAÇ KİRALAMA VE SERVİS A.Ş.,BEYAN_YOK,0,KAFIF_YOK,HAYIR
HDFGS,HEDEF GİRİŞİM SERMAYESİ YATIRIM ORTAKLIĞI A.Ş.,BEYAN_VAR,3,KAFIF_VAR,HAYIR
HDFVK,HEDEF VARLIK KİRALAMA A.Ş.,AYIRT_EDILEMEDI,0,KAFIF_YOK,
HDFYB,HEDEF YATIRIM BANKASI A.Ş.,KAPSAM_DISI,0,MUAF_SORGULANMADI,EVET
HEDEF,HEDEF HOLDİNG A.Ş.,BEYAN_VAR,2,KAFIF_VAR,HAYIR
HEKTS,HEKTAŞ TİCARET T.A.Ş.,BEYAN_VAR,2,KAFIF_VAR,HAYIR
HKTM,HİDROPAR HAREKET KONTROL TEKNOLOJİLERİ MERKEZİ SANAYİ VE TİCARET A.Ş.,BEYAN_VAR,2,KAFIF_VAR,HAYIR
HLGYO,HALK GAYRİMENKUL YATIRIM ORTAKLIĞI A.Ş.,BEYAN_VAR,2,KAFIF_VAR,HAYIR
HLVKS,HALK VARLIK KİRALAMA A.Ş.,AYIRT_EDILEMEDI,0,KAFIF_YOK,
HLY,HALK YATIRIM MENKUL DEĞERLER A.Ş.,KAPSAM_DISI,0,MUAF_SORGULANMADI,EVET
HOROZ,HOROZ LOJİSTİK KARGO HİZMETLERİ VE TİCARET A.Ş.,BEYAN_VAR,2,KAFIF_VAR,HAYIR
HRKET,HAREKET PROJE TAŞIMACILIĞI VE YÜK MÜHENDİSLİĞİ A.Ş.,BEYAN_VAR,4,KAFIF_VAR,HAYIR
HTTBT,HİTİT BİLGİSAYAR HİZMETLERİ A.Ş.,BEYAN_VAR,2,KAFIF_VAR,HAYIR
HUBVC,HUB GİRİŞİM SERMAYESİ YATIRIM ORTAKLIĞI A.Ş.,BEYAN_VAR,2,KAFIF_VAR,HAYIR
HUNER,HUN YENİLENEBİLİR ENERJİ ÜRETİM A.Ş.,BEYAN_VAR,2,KAFIF_VAR,HAYIR
HURGZ,HÜRRİYET GAZETECİLİK VE MATBAACILIK A.Ş.,BEYAN_VAR,2,KAFIF_VAR,HAYIR
HUZFA,HUZUR FAKTORİNG A.Ş.,KAPSAM_DISI,0,MUAF_SORGULANMADI,EVET
HYB,HEDEF YATIRIM BANKASI A.Ş.,KAPSAM_DISI,0,MUAF_SORGULANMADI,EVET
IAZ,INVEST-AZ YATIRIM MENKUL DEĞERLER A.Ş.,KAPSAM_DISI,0,MUAF_SORGULANMADI,EVET
ICB,ICBC TURKEY BANK A.Ş.,KAPSAM_DISI,0,MUAF_SORGULANMADI,EVET
ICBCT,ICBC TURKEY BANK A.Ş.,KAPSAM_DISI,0,MUAF_SORGULANMADI,EVET
ICUGS,ICU GİRİŞİM SERMAYESİ YATIRIM ORTAKLIĞI A.Ş.,BEYAN_VAR,4,KAFIF_VAR,HAYIR
IDGYO,İDEALİST GAYRİMENKUL YATIRIM ORTAKLIĞI A.Ş.,BEYAN_VAR,3,KAFIF_VAR,HAYIR
IEYHO,IŞIKLAR ENERJİ VE YAPI HOLDİNG A.Ş.,BEYAN_VAR,3,KAFIF_VAR,HAYIR
IHAAS,İHLAS HABER AJANSI A.Ş.,BEYAN_VAR,2,KAFIF_VAR,HAYIR
IHEVA,İHLAS EV ALETLERİ İMALAT SANAYİ VE TİCARET A.Ş.,BEYAN_VAR,2,KAFIF_VAR,HAYIR
IHGZT,İHLAS GAZETECİLİK A.Ş.,BEYAN_VAR,2,KAFIF_VAR,HAYIR
IHLAS,İHLAS HOLDİNG A.Ş.,BEYAN_VAR,2,KAFIF_VAR,HAYIR
IHLGM,İHLAS GAYRİMENKUL PROJE GELİŞTİRME VE TİCARET A.Ş.,BEYAN_VAR,2,KAFIF_VAR,HAYIR
IHYAY,İHLAS YAYIN HOLDİNG A.Ş.,BEYAN_VAR,2,KAFIF_VAR,HAYIR
IMASM,İMAŞ MAKİNA SANAYİ A.Ş.,BEYAN_VAR,2,KAFIF_VAR,HAYIR
INDES,İNDEKS BİLGİSAYAR SİSTEMLERİ MÜHENDİSLİK SANAYİ VE TİCARET A.Ş.,BEYAN_VAR,2,KAFIF_VAR,HAYIR
INFO,İNFO YATIRIM MENKUL DEĞERLER A.Ş.,KAPSAM_DISI,0,MUAF_SORGULANMADI,EVET
INGRM,INGRAM MİCRO BİLİŞİM SİSTEMLERİ A.Ş.,BEYAN_VAR,2,KAFIF_VAR,HAYIR
INTEK,İNNOSA TEKNOLOJİ A.Ş.,BEYAN_VAR,2,KAFIF_VAR,HAYIR
INTEM,İNTEMA İNŞAAT VE TESİSAT MALZEMELERİ YATIRIM VE PAZARLAMA A.Ş.,BEYAN_VAR,3,KAFIF_VAR,HAYIR
INVAZ,INVEST-AZ YATIRIM MENKUL DEĞERLER A.Ş.,KAPSAM_DISI,0,MUAF_SORGULANMADI,EVET
INVEO,INVEO YATIRIM HOLDİNG A.Ş.,BEYAN_VAR,1,KAFIF_VAR,HAYIR
INVES,INVESTCO HOLDİNG A.Ş.,BEYAN_VAR,2,KAFIF_VAR,HAYIR
ISATR,TÜRKİYE İŞ BANKASI A.Ş.,KAPSAM_DISI,0,MUAF_SORGULANMADI,EVET
ISBIR,İŞBİR HOLDİNG A.Ş.,BEYAN_VAR,3,KAFIF_VAR,HAYIR
ISBTR,TÜRKİYE İŞ BANKASI A.Ş.,KAPSAM_DISI,0,MUAF_SORGULANMADI,EVET
ISCTR,TÜRKİYE İŞ BANKASI A.Ş.,KAPSAM_DISI,0,MUAF_SORGULANMADI,EVET
ISDMR,İSKENDERUN DEMİR VE ÇELİK A.Ş.,BEYAN_VAR,2,KAFIF_VAR,HAYIR
ISFAK,İŞ FAKTORİNG A.Ş.,KAPSAM_DISI,0,MUAF_SORGULANMADI,EVET
ISFIN,İŞ FİNANSAL KİRALAMA A.Ş.,KAPSAM_DISI,0,MUAF_SORGULANMADI,EVET
ISGSY,İŞ GİRİŞİM SERMAYESİ YATIRIM ORTAKLIĞI A.Ş.,BEYAN_VAR,2,KAFIF_VAR,HAYIR
ISGYO,İŞ GAYRİMENKUL YATIRIM ORTAKLIĞI A.Ş.,BEYAN_VAR,2,KAFIF_VAR,HAYIR
ISKPL,IŞIK PLASTİK SANAYİ VE DIŞ TİCARET PAZARLAMA A.Ş.,BEYAN_VAR,2,KAFIF_VAR,HAYIR
ISKUR,TÜRKİYE İŞ BANKASI A.Ş.,KAPSAM_DISI,0,MUAF_SORGULANMADI,EVET
ISMEN,İŞ YATIRIM MENKUL DEĞERLER A.Ş.,KAPSAM_DISI,0,MUAF_SORGULANMADI,EVET
ISSEN,İŞBİR SENTETİK DOKUMA SANAYİ A.Ş.,BEYAN_VAR,2,KAFIF_VAR,HAYIR
ISTFK,İSTANBUL FAKTORİNG A.Ş.,KAPSAM_DISI,0,MUAF_SORGULANMADI,EVET
ISTVY,İSTANBUL VARLIK YÖNETİM A.Ş.,KAPSAM_DISI,0,MUAF_SORGULANMADI,EVET
ISVEA,İSVEA SERAMİK VE BANYO ÜRÜNLERİ SANAYİ A.Ş.,BEYAN_YOK,0,KAFIF_YOK,HAYIR
ISYAT,İŞ YATIRIM ORTAKLIĞI A.Ş.,AYIRT_EDILEMEDI,0,KAFIF_YOK,
IYF,İNFO YATIRIM MENKUL DEĞERLER A.Ş.,KAPSAM_DISI,0,MUAF_SORGULANMADI,EVET
IYM,İŞ YATIRIM MENKUL DEĞERLER A.Ş.,KAPSAM_DISI,0,MUAF_SORGULANMADI,EVET
IZENR,İZDEMİR ENERJİ ELEKTRİK ÜRETİM A.Ş.,BEYAN_VAR,2,KAFIF_VAR,HAYIR
IZFAS,İZMİR FIRÇA SANAYİ VE TİCARET A.Ş.,BEYAN_VAR,2,KAFIF_VAR,HAYIR
IZINV,İZ YATIRIM HOLDİNG A.Ş.,BEYAN_VAR,4,KAFIF_VAR,HAYIR
IZMDC,İZMİR DEMİR ÇELİK SANAYİ A.Ş.,BEYAN_VAR,2,KAFIF_VAR,HAYIR
JANTS,JANTSA JANT SANAYİ VE TİCARET A.Ş.,BEYAN_VAR,3,KAFIF_VAR,HAYIR
KAPLM,KAPLAMİN AMBALAJ SANAYİ VE TİCARET A.Ş.,BEYAN_VAR,3,KAFIF_VAR,HAYIR
KARCL,KARDEMİR ÇELİK SANAYİ A.Ş.,BEYAN_YOK,0,KAFIF_YOK,HAYIR
KAREL,KAREL ELEKTRONİK SANAYİ VE TİCARET A.Ş.,BEYAN_VAR,3,KAFIF_VAR,HAYIR
KARSN,KARSAN OTOMOTİV SANAYİİ VE TİCARET A.Ş.,BEYAN_VAR,2,KAFIF_VAR,HAYIR
KARTN,KARTONSAN KARTON SANAYİ VE TİCARET A.Ş.,BEYAN_VAR,3,KAFIF_VAR,HAYIR
KATMR,KATMERCİLER ARAÇ ÜSTÜ EKİPMAN SANAYİ VE TİCARET A.Ş.,BEYAN_VAR,3,KAFIF_VAR,HAYIR
KATVK,KATILIM VARLIK KİRALAMA A.Ş.,AYIRT_EDILEMEDI,0,KAFIF_YOK,
KAYSE,KAYSERİ ŞEKER FABRİKASI A.Ş.,BEYAN_VAR,2,KAFIF_VAR,HAYIR
KBORU,KUZEY BORU A.Ş.,BEYAN_VAR,2,KAFIF_VAR,HAYIR
KCAER,KOCAER ÇELİK SANAYİ VE TİCARET A.Ş.,BEYAN_VAR,4,KAFIF_VAR,HAYIR
KCHOL,KOÇ HOLDİNG A.Ş.,BEYAN_VAR,2,KAFIF_VAR,HAYIR
KENT,KENT GIDA MADDELERİ SANAYİİ VE TİCARET A.Ş.,BEYAN_VAR,2,KAFIF_VAR,HAYIR
KERVN,KERVANSARAY YATIRIM HOLDİNG A.Ş.,BEYAN_VAR,2,KAFIF_VAR,HAYIR
KFEIN,KAFEİN YAZILIM HİZMETLERİ TİCARET A.Ş.,BEYAN_VAR,2,KAFIF_VAR,HAYIR
KFILO,KAYATUR FİLO KİRALAMA A.Ş.,BEYAN_YOK,0,KAFIF_YOK,HAYIR
KGYO,KORAY GAYRİMENKUL YATIRIM ORTAKLIĞI A.Ş.,BEYAN_VAR,2,KAFIF_VAR,HAYIR
KIMMR,ERSAN ALIŞVERİŞ HİZMETLERİ VE GIDA SANAYİ TİCARET A.Ş.,BEYAN_VAR,5,KAFIF_VAR,HAYIR
KLGYO,KİLER GAYRİMENKUL YATIRIM ORTAKLIĞI A.Ş.,BEYAN_VAR,3,KAFIF_VAR,HAYIR
KLKIM,KALEKİM KİMYEVİ MADDELER SANAYİ VE TİCARET A.Ş.,BEYAN_VAR,2,KAFIF_VAR,HAYIR
KLMSN,KLİMASAN KLİMA SANAYİ VE TİCARET A.Ş.,BEYAN_VAR,2,KAFIF_VAR,HAYIR
KLN,TÜRKİYE KALKINMA VE YATIRIM BANKASI A.Ş.,KAPSAM_DISI,0,MUAF_SORGULANMADI,EVET
KLNMA,TÜRKİYE KALKINMA VE YATIRIM BANKASI A.Ş.,KAPSAM_DISI,0,MUAF_SORGULANMADI,EVET
KLRHO,KİLER HOLDİNG A.Ş.,BEYAN_VAR,2,KAFIF_VAR,HAYIR
KLSER,KALESERAMİK ÇANAKKALE KALEBODUR SERAMİK SANAYİ A.Ş.,BEYAN_VAR,2,KAFIF_VAR,HAYIR
KLSYN,KOLEKSİYON MOBİLYA SANAYİ A.Ş.,BEYAN_VAR,4,KAFIF_VAR,HAYIR
KLVKS,KALKINMA YATIRIM VARLIK KİRALAMA A.Ş.,AYIRT_EDILEMEDI,0,KAFIF_YOK,
KLYPV,KALYON GÜNEŞ TEKNOLOJİLERİ ÜRETİM A.Ş.,BEYAN_VAR,2,KAFIF_VAR,HAYIR
KMPUR,KİMTEKS POLİÜRETAN SANAYİ VE TİCARET A.Ş.,BEYAN_VAR,4,KAFIF_VAR,HAYIR
KNFRT,KONFRUT TARIM A.Ş.,BEYAN_VAR,2,KAFIF_VAR,HAYIR
KNTFA,KENT FİNANS FAKTORİNG A.Ş.,KAPSAM_DISI,0,MUAF_SORGULANMADI,EVET
KOCFN,KOÇ FİNANSMAN A.Ş.,BEYAN_YOK,0,KAFIF_YOK,HAYIR
KOCMT,KOÇ METALURJİ A.Ş.,BEYAN_VAR,2,KAFIF_VAR,HAYIR
KONKA,KONYA KAĞIT SANAYİ VE TİCARET A.Ş.,BEYAN_VAR,2,KAFIF_VAR,HAYIR
KONTR,KONTROLMATİK TEKNOLOJİ ENERJİ VE MÜHENDİSLİK A.Ş.,BEYAN_VAR,3,KAFIF_VAR,HAYIR
KONYA,KONYA ÇİMENTO SANAYİİ A.Ş.,BEYAN_VAR,2,KAFIF_VAR,HAYIR
KOPOL,KOZA POLYESTER SANAYİ VE TİCARET A.Ş.,BEYAN_VAR,4,KAFIF_VAR,HAYIR
KORDS,KORDSA TEKNİK TEKSTİL A.Ş.,BEYAN_VAR,2,KAFIF_VAR,HAYIR
KORTS,KORTEKS MENSUCAT SANAYİ VE TİCARET A.Ş.,BEYAN_YOK,0,KAFIF_YOK,HAYIR
KOTON,KOTON MAĞAZACILIK TEKSTİL SANAYİ VE TİCARET A.Ş.,BEYAN_VAR,2,KAFIF_VAR,HAYIR
KPTGY,KAPİTAL GAYRİMENKUL YATIRIMI GELİŞTİRME VE İŞLETMECİLİK A.Ş.,BEYAN_YOK,0,KAFIF_YOK,HAYIR
KRDMA,KARDEMİR KARABÜK DEMİR ÇELİK SANAYİ VE TİCARET A.Ş.,BEYAN_VAR,2,KAFIF_VAR,HAYIR
KRDMB,KARDEMİR KARABÜK DEMİR ÇELİK SANAYİ VE TİCARET A.Ş.,BEYAN_VAR,2,KAFIF_VAR,HAYIR
KRDMD,KARDEMİR KARABÜK DEMİR ÇELİK SANAYİ VE TİCARET A.Ş.,BEYAN_VAR,2,KAFIF_VAR,HAYIR
KRGYO,KÖRFEZ GAYRİMENKUL YATIRIM ORTAKLIĞI A.Ş.,BEYAN_VAR,2,KAFIF_VAR,HAYIR
KRONT,KRON TEKNOLOJİ A.Ş.,BEYAN_VAR,3,KAFIF_VAR,HAYIR
KRPLS,KOROPLAST TEMİZLİK AMBALAJ ÜRÜNLERİ SANAYİ VE DIŞ TİCARET A.Ş.,BEYAN_VAR,2,KAFIF_VAR,HAYIR
KRSTL,KRİSTAL KOLA VE MEŞRUBAT SANAYİ TİCARET A.Ş.,BEYAN_VAR,2,KAFIF_VAR,HAYIR
KRTEK,KARSU TEKSTİL SANAYİİ VE TİCARET A.Ş.,BEYAN_VAR,2,KAFIF_VAR,HAYIR
KRVGD,KERVAN GIDA SANAYİ VE TİCARET A.Ş.,BEYAN_VAR,2,KAFIF_VAR,HAYIR
KSFIN,KOÇ STELLANTİS FİNANSMAN A.Ş.,BEYAN_YOK,0,KAFIF_YOK,HAYIR
KSTUR,KUŞTUR KUŞADASI TURİZM ENDÜSTRİSİ A.Ş.,BEYAN_VAR,2,KAFIF_VAR,HAYIR
KTKVK,KT KİRA SERTİFİKALARI VARLIK KİRALAMA A.Ş.,AYIRT_EDILEMEDI,0,KAFIF_YOK,
KTLEV,KATILIMEVİM TASARRUF FİNANSMAN A.Ş.,AYIRT_EDILEMEDI,0,KAFIF_YOK,
KTSKR,KÜTAHYA ŞEKER FABRİKASI A.Ş.,BEYAN_VAR,2,KAFIF_VAR,HAYIR
KTSVK,KT SUKUK VARLIK KİRALAMA A.Ş.,AYIRT_EDILEMEDI,0,KAFIF_YOK,
KUTPO,KÜTAHYA PORSELEN SANAYİ A.Ş.,BEYAN_VAR,3,KAFIF_VAR,HAYIR
KUVVA,KUVVA GIDA TİCARET VE SANAYİ YATIRIMLARI A.Ş.,BEYAN_VAR,2,KAFIF_VAR,HAYIR
KUYAS,KUYAŞ YATIRIM A.Ş.,BEYAN_VAR,2,KAFIF_VAR,HAYIR
KZBGY,KIZILBÜK GAYRİMENKUL YATIRIM ORTAKLIĞI A.Ş.,BEYAN_VAR,2,KAFIF_VAR,HAYIR
KZGYO,KUZUGRUP GAYRİMENKUL YATIRIM ORTAKLIĞI A.Ş.,BEYAN_VAR,2,KAFIF_VAR,HAYIR
LIDER,LDR TURİZM A.Ş.,BEYAN_VAR,2,KAFIF_VAR,HAYIR
LIDFA,LİDER FAKTORİNG A.Ş.,KAPSAM_DISI,0,MUAF_SORGULANMADI,EVET
LILAK,LİLA KAĞIT SANAYİ VE TİCARET A.Ş.,BEYAN_VAR,2,KAFIF_VAR,HAYIR
LINK,LİNK BİLGİSAYAR SİSTEMLERİ YAZILIMI VE DONANIMI SANAYİ VE TİCARET A.Ş.,BEYAN_VAR,2,KAFIF_VAR,HAYIR
LKMNH,LOKMAN HEKİM ENGÜRÜSAĞ SAĞLIK TURİZM EĞİTİM HİZMETLERİ VE İNŞAAT TAAHHÜT A.Ş.,BEYAN_VAR,2,KAFIF_VAR,HAYIR
LMKDC,LİMAK DOĞU ANADOLU ÇİMENTO SANAYİ VE TİCARET A.Ş.,BEYAN_VAR,2,KAFIF_VAR,HAYIR
LOGO,LOGO YAZILIM SANAYİ VE TİCARET A.Ş.,BEYAN_VAR,4,KAFIF_VAR,HAYIR
LRSHO,LORAS HOLDİNG A.Ş.,BEYAN_VAR,2,KAFIF_VAR,HAYIR
LUKSK,LÜKS KADİFE TİCARET VE SANAYİİ A.Ş.,BEYAN_VAR,4,KAFIF_VAR,HAYIR
LXGYO,LUXERA GAYRİMENKUL YATIRIM ORTAKLIĞI A.Ş.,BEYAN_YOK,0,KAFIF_YOK,HAYIR
LYDHO,LYDİA HOLDİNG A.Ş.,BEYAN_VAR,2,KAFIF_VAR,HAYIR
LYDYE,LYDİA YEŞİL ENERJİ KAYNAKLARI A.Ş.,BEYAN_VAR,2,KAFIF_VAR,HAYIR
MAALT,MARMARİS ALTINYUNUS TURİSTİK TESİSLER A.Ş.,BEYAN_VAR,2,KAFIF_VAR,HAYIR
MACKO,MACKOLİK İNTERNET HİZMETLERİ TİCARET A.Ş.,BEYAN_VAR,1,KAFIF_VAR,HAYIR
MAGEN,MARGÜN ENERJİ ÜRETİM SANAYİ VE TİCARET A.Ş.,BEYAN_VAR,3,KAFIF_VAR,HAYIR
MAKIM,MAKİM MAKİNA TEKNOLOJİLERİ SANAYİ VE TİCARET A.Ş.,BEYAN_VAR,2,KAFIF_VAR,HAYIR
MAKTK,MAKİNA TAKIM ENDÜSTRİSİ A.Ş.,BEYAN_VAR,2,KAFIF_VAR,HAYIR
MANAS,MANAS ENERJİ YÖNETİMİ SANAYİ VE TİCARET A.Ş.,BEYAN_VAR,2,KAFIF_VAR,HAYIR
MARBL,TUREKS TURUNÇ MADENCİLİK İÇ VE DIŞ TİCARET A.Ş.,BEYAN_VAR,2,KAFIF_VAR,HAYIR
MARKA,MARKA YATIRIM HOLDİNG A.Ş.,BEYAN_VAR,1,KAFIF_VAR,HAYIR
MARMR,MARMARA HOLDİNG A.Ş.,BEYAN_VAR,1,KAFIF_VAR,HAYIR
MARTI,MARTI OTEL İŞLETMELERİ A.Ş.,BEYAN_YOK,0,KAFIF_YOK,HAYIR
MASFN,MASFEN ENERJİ A.Ş.,BEYAN_YOK,0,KAFIF_YOK,HAYIR
MAVI,MAVİ GİYİM SANAYİ VE TİCARET A.Ş.,BEYAN_VAR,2,KAFIF_VAR,HAYIR
MBFTR,MERCEDES-BENZ FİNANSMAN TÜRK A.Ş.,BEYAN_YOK,0,BOS_SONUC,HAYIR
MCARD,METROPAL KURUMSAL HİZMETLER A.Ş.,BEYAN_YOK,0,KAFIF_YOK,HAYIR
MDASM,MİDAS MENKUL DEĞERLER A.Ş.,KAPSAM_DISI,0,MUAF_SORGULANMADI,EVET
MDIAZ,MEDİAZZ YENİ MEDYA VE TEKNOLOJİ YATIRIMLARI A.Ş.,BEYAN_YOK,0,KAFIF_YOK,HAYIR
MDS,MİDAS MENKUL DEĞERLER A.Ş.,KAPSAM_DISI,0,MUAF_SORGULANMADI,EVET
MEDTR,MEDİTERA TIBBİ MALZEME SANAYİ VE TİCARET A.Ş.,BEYAN_VAR,2,KAFIF_VAR,HAYIR
MEGAP,MEGA POLİETİLEN KÖPÜK SANAYİ VE TİCARET A.Ş.,BEYAN_YOK,0,KAFIF_YOK,HAYIR
MEGMT,MEGA METAL SANAYİ VE TİCARET A.Ş.,BEYAN_VAR,3,KAFIF_VAR,HAYIR
MEKAG,MEKA GLOBAL MAKİNE İMALAT SANAYİ VE TİCARET A.Ş.,BEYAN_VAR,3,KAFIF_VAR,HAYIR
MEKMD,MEKSA YATIRIM MENKUL DEĞERLER A.Ş.,KAPSAM_DISI,0,MUAF_SORGULANMADI,EVET
MEPET,MEPET METRO PETROL VE TESİSLERİ SANAYİ TİCARET A.Ş.,BEYAN_VAR,2,KAFIF_VAR,HAYIR
MERCN,MERCAN KİMYA SANAYİ VE TİCARET A.Ş.,BEYAN_VAR,3,KAFIF_VAR,HAYIR
MERIT,MERİT TURİZM YATIRIM VE İŞLETME A.Ş.,BEYAN_VAR,2,KAFIF_VAR,HAYIR
MERKO,MERKO GIDA SANAYİ VE TİCARET A.Ş.,BEYAN_VAR,2,KAFIF_VAR,HAYIR
METEN,METGÜN ENERJİ YATIRIMLARI A.Ş.,BEYAN_YOK,0,KAFIF_YOK,HAYIR
METRO,METRO TİCARİ VE MALİ YATIRIMLAR HOLDİNG A.Ş.,BEYAN_VAR,1,KAFIF_VAR,HAYIR
MEYSU,MEYSU GIDA SANAYİ VE TİCARET A.Ş.,BEYAN_VAR,1,KAFIF_VAR,HAYIR
MGROS,MİGROS TİCARET A.Ş.,BEYAN_VAR,2,KAFIF_VAR,HAYIR
MHRGY,MHR GAYRİMENKUL YATIRIM ORTAKLIĞI A.Ş.,BEYAN_VAR,1,KAFIF_VAR,HAYIR
MIATK,MİA TEKNOLOJİ A.Ş.,BEYAN_VAR,2,KAFIF_VAR,HAYIR
MILKS,MİLK ACADEMY SÜT ÜRÜNLERİ SANAYİ VE TİCARET A.Ş.,BEYAN_YOK,0,KAFIF_YOK,HAYIR
MINTF,MİNT FİNANSMAN A.Ş.,BEYAN_YOK,0,KAFIF_YOK,HAYIR
MMCAS,MMC SANAYİ VE TİCARİ YATIRIMLAR A.Ş.,BEYAN_VAR,1,KAFIF_VAR,HAYIR
MNDRS,MENDERES TEKSTİL SANAYİ VE TİCARET A.Ş.,BEYAN_VAR,2,KAFIF_VAR,HAYIR
MNDTR,MONDİ TURKEY OLUKLU MUKAVVA KAĞIT VE AMBALAJ SANAYİ A.Ş.,BEYAN_VAR,2,KAFIF_VAR,HAYIR
MNGFA,MNG FAKTORİNG A.Ş.,KAPSAM_DISI,0,MUAF_SORGULANMADI,EVET
MOBTL,MOBİLTEL İLETİŞİM HİZMETLERİ SANAYİ VE TİCARET A.Ş.,BEYAN_VAR,3,KAFIF_VAR,HAYIR
MOGAN,MOGAN ENERJİ YATIRIM HOLDİNG A.Ş.,BEYAN_VAR,3,KAFIF_VAR,HAYIR
MOPAS,MOPAŞ MARKETÇİLİK GIDA SANAYİ VE TİCARET A.Ş.,BEYAN_VAR,2,KAFIF_VAR,HAYIR
MPARK,MLP SAĞLIK HİZMETLERİ A.Ş.,BEYAN_VAR,2,KAFIF_VAR,HAYIR
MRBAS,MARBAŞ MENKUL DEĞERLER A.Ş.,KAPSAM_DISI,0,MUAF_SORGULANMADI,EVET
MRBKF,MERCEDES BENZ KAMYON FİNANSMAN A.Ş.,BEYAN_YOK,0,KAFIF_YOK,HAYIR
MRGYO,MARTI GAYRİMENKUL YATIRIM ORTAKLIĞI A.Ş.,BEYAN_YOK,0,KAFIF_YOK,HAYIR
MRMAG,MARKA MAĞAZACILIK A.Ş.,BEYAN_YOK,0,KAFIF_YOK,HAYIR
MRS,MARBAŞ MENKUL DEĞERLER A.Ş.,KAPSAM_DISI,0,MUAF_SORGULANMADI,EVET
MRSHL,MARSHALL BOYA VE VERNİK SANAYİİ A.Ş.,BEYAN_VAR,2,KAFIF_VAR,HAYIR
MSA,MEKSA YATIRIM MENKUL DEĞERLER A.Ş.,KAPSAM_DISI,0,MUAF_SORGULANMADI,EVET
MSGYO,MİSTRAL GAYRİMENKUL YATIRIM ORTAKLIĞI A.Ş.,BEYAN_VAR,3,KAFIF_VAR,HAYIR
MSY,MİSYON YATIRIM BANKASI A.Ş.,KAPSAM_DISI,0,MUAF_SORGULANMADI,EVET
MSYBN,MİSYON YATIRIM BANKASI A.Ş.,KAPSAM_DISI,0,MUAF_SORGULANMADI,EVET
MTRKS,MATRİKS FİNANSAL TEKNOLOJİLER A.Ş.,BEYAN_VAR,2,KAFIF_VAR,HAYIR
MTRYO,METRO YATIRIM ORTAKLIĞI A.Ş.,AYIRT_EDILEMEDI,0,KAFIF_YOK,
MZHLD,MAZHAR ZORLU HOLDİNG A.Ş.,BEYAN_VAR,2,KAFIF_VAR,HAYIR
NATEN,NATUREL YENİLENEBİLİR ENERJİ TİCARET A.Ş.,BEYAN_VAR,3,KAFIF_VAR,HAYIR
NETAS,NETAŞ TELEKOMÜNİKASYON A.Ş.,BEYAN_VAR,2,KAFIF_VAR,HAYIR
NETCD,NETCAD YAZILIM A.Ş.,BEYAN_VAR,1,KAFIF_VAR,HAYIR
NIBAS,NİĞBAŞ NİĞDE BETON SANAYİ VE TİCARET A.Ş.,BEYAN_VAR,2,KAFIF_VAR,HAYIR
NRBNK,NUROL YATIRIM BANKASI A.Ş.,KAPSAM_DISI,0,MUAF_SORGULANMADI,EVET
NTGAZ,NATURELGAZ SANAYİ VE TİCARET A.Ş.,BEYAN_VAR,2,KAFIF_VAR,HAYIR
NTHOL,NET HOLDİNG A.Ş.,BEYAN_VAR,2,KAFIF_VAR,HAYIR
NUGYO,NUROL GAYRİMENKUL YATIRIM ORTAKLIĞI A.Ş.,BEYAN_VAR,2,KAFIF_VAR,HAYIR
NUHCM,NUH ÇİMENTO SANAYİ A.Ş.,BEYAN_VAR,2,KAFIF_VAR,HAYIR
NURVK,NUROL VARLIK KİRALAMA A.Ş.,AYIRT_EDILEMEDI,0,KAFIF_YOK,
NYB,NUROL YATIRIM BANKASI A.Ş.,KAPSAM_DISI,0,MUAF_SORGULANMADI,EVET
OBAMS,OBA MAKARNACILIK SANAYİ VE TİCARET A.Ş.,BEYAN_VAR,2,KAFIF_VAR,HAYIR
OBASE,OBASE BİLGİSAYAR VE DANIŞMANLIK HİZMETLERİ TİCARET A.Ş.,BEYAN_VAR,2,KAFIF_VAR,HAYIR
ODAS,ODAŞ ELEKTRİK ÜRETİM SANAYİ TİCARET A.Ş.,BEYAN_VAR,2,KAFIF_VAR,HAYIR
ODINE,ODİNE SOLUTİONS TEKNOLOJİ TİCARET VE SANAYİ A.Ş.,BEYAN_VAR,2,KAFIF_VAR,HAYIR
OFSYM,OFİS YEM GIDA SANAYİ TİCARET A.Ş.,BEYAN_VAR,3,KAFIF_VAR,HAYIR
OMD,OSMANLI YATIRIM MENKUL DEĞERLER A.Ş.,KAPSAM_DISI,0,MUAF_SORGULANMADI,EVET
ONCSM,ONCOSEM ONKOLOJİK SİSTEMLER SANAYİ VE TİCARET A.Ş.,BEYAN_VAR,5,KAFIF_VAR,HAYIR
ONRYT,ONUR YÜKSEK TEKNOLOJİ A.Ş.,BEYAN_VAR,2,KAFIF_VAR,HAYIR
OPET,OPET PETROLCÜLÜK A.Ş.,BEYAN_YOK,0,KAFIF_YOK,HAYIR
ORCAY,ORÇAY ORTAKÖY ÇAY SANAYİ VE TİCARET A.Ş.,BEYAN_VAR,3,KAFIF_VAR,HAYIR
ORFIN,ORFİN FİNANSMAN A.Ş.,BEYAN_YOK,0,KAFIF_YOK,HAYIR
ORGE,ORGE ENERJİ ELEKTRİK TAAHHÜT A.Ş.,BEYAN_VAR,2,KAFIF_VAR,HAYIR
ORMA,ORMA ORMAN MAHSÜLLERİ İNTEGRE SANAYİ VE TİCARET A.Ş.,BEYAN_VAR,1,KAFIF_VAR,HAYIR
ORZAX,ORZAKS İLAÇ VE KİMYA SANAYİ TİCARET A.Ş.,BEYAN_YOK,0,KAFIF_YOK,HAYIR
OSMEN,OSMANLI YATIRIM MENKUL DEĞERLER A.Ş.,KAPSAM_DISI,0,MUAF_SORGULANMADI,EVET
OSTIM,OSTİM ENDÜSTRİYEL YATIRIMLAR VE İŞLETME A.Ş.,BEYAN_VAR,2,KAFIF_VAR,HAYIR
OSVKS,OSMANLI VARLIK KİRALAMA A.Ş.,AYIRT_EDILEMEDI,0,KAFIF_YOK,
OTKAR,OTOKAR OTOMOTİV VE SAVUNMA SANAYİ A.Ş.,BEYAN_VAR,2,KAFIF_VAR,HAYIR
OTOSR,OTOSOR OTOMOTİV A.Ş.,BEYAN_YOK,0,KAFIF_YOK,HAYIR
OTTO,OTTO HOLDİNG A.Ş.,BEYAN_YOK,0,KAFIF_YOK,HAYIR
OYA,OYAK YATIRIM MENKUL DEĞERLER A.Ş.,KAPSAM_DISI,0,MUAF_SORGULANMADI,EVET
OYAKC,OYAK ÇİMENTO FABRİKALARI A.Ş.,BEYAN_VAR,3,KAFIF_VAR,HAYIR
OYAYO,OYAK YATIRIM ORTAKLIĞI A.Ş.,AYIRT_EDILEMEDI,0,KAFIF_YOK,
OYLUM,OYLUM SINAİ YATIRIMLAR A.Ş.,BEYAN_VAR,2,KAFIF_VAR,HAYIR
OYYAT,OYAK YATIRIM MENKUL DEĞERLER A.Ş.,KAPSAM_DISI,0,MUAF_SORGULANMADI,EVET
OZATD,ÖZATA DENİZCİLİK SANAYİ VE TİCARET A.Ş.,BEYAN_VAR,3,KAFIF_VAR,HAYIR
OZGYO,ÖZDERİCİ GAYRİMENKUL YATIRIM ORTAKLIĞI A.Ş.,BEYAN_VAR,4,KAFIF_VAR,HAYIR
OZKGY,ÖZAK GAYRİMENKUL YATIRIM ORTAKLIĞI A.Ş.,BEYAN_VAR,2,KAFIF_VAR,HAYIR
OZRDN,ÖZERDEN AMBALAJ SANAYİ A.Ş.,BEYAN_VAR,3,KAFIF_VAR,HAYIR
OZSUB,ÖZSU BALIK ÜRETİM A.Ş.,BEYAN_VAR,2,KAFIF_VAR,HAYIR
OZYSR,ÖZYAŞAR TEL VE GALVANİZLEME SANAYİ A.Ş.,BEYAN_VAR,3,KAFIF_VAR,HAYIR
PAGYO,PANORA GAYRİMENKUL YATIRIM ORTAKLIĞI A.Ş.,BEYAN_VAR,2,KAFIF_VAR,HAYIR
PAHOL,PASİFİK HOLDİNG A.Ş.,BEYAN_VAR,2,KAFIF_VAR,HAYIR
PAMEL,PAMEL YENİLENEBİLİR ELEKTRİK ÜRETİM A.Ş.,BEYAN_VAR,2,KAFIF_VAR,HAYIR
PAPIL,PAPİLON SAVUNMA TEKNOLOJİ VE TİCARET A.Ş.,BEYAN_VAR,2,KAFIF_VAR,HAYIR
PARSN,PARSAN MAKİNA PARÇALARI SANAYİİ A.Ş.,BEYAN_VAR,2,KAFIF_VAR,HAYIR
PASEU,PASİFİK EURASİA LOJİSTİK DIŞ TİCARET A.Ş.,BEYAN_VAR,3,KAFIF_VAR,HAYIR
PATEK,PASİFİK TEKNOLOJİ A.Ş.,BEYAN_VAR,2,KAFIF_VAR,HAYIR
PBT,PASHA YATIRIM BANKASI A.Ş.,KAPSAM_DISI,0,MUAF_SORGULANMADI,EVET
PBTR,PASHA YATIRIM BANKASI A.Ş.,KAPSAM_DISI,0,MUAF_SORGULANMADI,EVET
PCILT,PC İLETİŞİM VE MEDYA HİZMETLERİ SANAYİ TİCARET A.Ş.,BEYAN_VAR,2,KAFIF_VAR,HAYIR
PEKGY,PEKER GAYRİMENKUL YATIRIM ORTAKLIĞI A.Ş.,BEYAN_VAR,3,KAFIF_VAR,HAYIR
PENGD,PENGUEN GIDA SANAYİ A.Ş.,BEYAN_VAR,3,KAFIF_VAR,HAYIR
PENTA,PENTA TEKNOLOJİ ÜRÜNLERİ DAĞITIM TİCARET A.Ş.,BEYAN_VAR,2,KAFIF_VAR,HAYIR
PETKM,PETKİM PETROKİMYA HOLDİNG A.Ş.,BEYAN_VAR,3,KAFIF_VAR,HAYIR
PETUN,PINAR ENTEGRE ET VE UN SANAYİİ A.Ş.,BEYAN_VAR,2,KAFIF_VAR,HAYIR
PGSUS,PEGASUS HAVA TAŞIMACILIĞI A.Ş.,BEYAN_VAR,2,KAFIF_VAR,HAYIR
PINSU,PINAR SU VE İÇECEK SANAYİ VE TİCARET A.Ş.,BEYAN_VAR,2,KAFIF_VAR,HAYIR
PKART,PLASTİKKART AKILLI KART İLETİŞİM SİSTEMLERİ SANAYİ VE TİCARET A.Ş.,BEYAN_VAR,2,KAFIF_VAR,HAYIR
PKENT,PETROKENT TURİZM A.Ş.,BEYAN_YOK,0,KAFIF_YOK,HAYIR
PLTUR,PLATFORM TURİZM TAŞIMACILIK GIDA İNŞAAT TEMİZLİK HİZMETLERİ SANAYİ VE TİCARET A.Ş.,BEYAN_VAR,2,KAFIF_VAR,HAYIR
PNLSN,PANELSAN ÇATI CEPHE SİSTEMLERİ SANAYİ VE TİCARET A.Ş.,BEYAN_VAR,6,KAFIF_VAR,HAYIR
PNSUT,PINAR SÜT MAMÜLLERİ SANAYİİ A.Ş.,BEYAN_VAR,2,KAFIF_VAR,HAYIR
POLHO,POLİSAN HOLDİNG A.Ş.,BEYAN_VAR,3,KAFIF_VAR,HAYIR
POLTK,POLİTEKNİK METAL SANAYİ VE TİCARET A.Ş.,BEYAN_YOK,0,KAFIF_YOK,HAYIR
PRDGS,PARDUS GİRİŞİM SERMAYESİ YATIRIM ORTAKLIĞI A.Ş.,BEYAN_VAR,1,KAFIF_VAR,HAYIR
PRFFK,PARAFİNANS FAKTORİNG A.Ş.,KAPSAM_DISI,0,MUAF_SORGULANMADI,EVET
PRKAB,TÜRK PRYSMİAN KABLO VE SİSTEMLERİ A.Ş.,BEYAN_VAR,4,KAFIF_VAR,HAYIR
PRKME,PARK ELEKTRİK ÜRETİM MADENCİLİK SANAYİ VE TİCARET A.Ş.,BEYAN_VAR,2,KAFIF_VAR,HAYIR
PRZMA,PRİZMA PRES MATBAACILIK YAYINCILIK SANAYİ VE TİCARET A.Ş.,BEYAN_VAR,2,KAFIF_VAR,HAYIR
PSDTC,PERGAMON STATUS DIŞ TİCARET A.Ş.,BEYAN_VAR,2,KAFIF_VAR,HAYIR
PSGYO,PASİFİK GAYRİMENKUL YATIRIM ORTAKLIĞI A.Ş.,BEYAN_VAR,3,KAFIF_VAR,HAYIR
QNBFF,QNB FAKTORİNG A.Ş.,KAPSAM_DISI,0,MUAF_SORGULANMADI,EVET
QNBFK,QNB FİNANSAL KİRALAMA A.Ş.,KAPSAM_DISI,0,MUAF_SORGULANMADI,EVET
QNBTR,QNB BANK A.Ş.,KAPSAM_DISI,0,MUAF_SORGULANMADI,EVET
QNBVK,QNB VARLIK KİRALAMA A.Ş.,AYIRT_EDILEMEDI,0,KAFIF_YOK,
QUAGR,QUA GRANITE HAYAL YAPI VE ÜRÜNLERİ SANAYİ TİCARET A.Ş.,BEYAN_VAR,3,KAFIF_VAR,HAYIR
QUFIN,QUICK FİNANSMAN A.Ş.,BEYAN_YOK,0,KAFIF_YOK,HAYIR
QUICK,QUİCK SİGORTA A.Ş.,KAPSAM_DISI,0,MUAF_SORGULANMADI,EVET
QYATB,Q YATIRIM BANKASI A.Ş.,KAPSAM_DISI,0,MUAF_SORGULANMADI,EVET
QYHOL,Q YATIRIM HOLDİNG A.Ş.,BEYAN_YOK,0,KAFIF_YOK,HAYIR
RALYH,RAL YATIRIM HOLDİNG A.Ş.,BEYAN_VAR,3,KAFIF_VAR,HAYIR
RAYSG,RAY SİGORTA A.Ş.,KAPSAM_DISI,0,MUAF_SORGULANMADI,EVET
REEDR,REEDER TEKNOLOJİ SANAYİ VE TİCARET A.Ş.,BEYAN_VAR,2,KAFIF_VAR,HAYIR
RGYAS,RÖNESANS GAYRİMENKUL YATIRIM A.Ş.,BEYAN_VAR,4,KAFIF_VAR,HAYIR
RNPOL,RAİNBOW POLİKARBONAT SANAYİ TİCARET A.Ş.,BEYAN_VAR,5,KAFIF_VAR,HAYIR
RODRG,RODRİGO TEKSTİL SANAYİ VE TİCARET A.Ş.,BEYAN_VAR,4,KAFIF_VAR,HAYIR
RTALB,RTA LABORATUVARLARI BİYOLOJİK ÜRÜNLER İLAÇ VE MAKİNE SANAYİ TİCARET A.Ş.,BEYAN_VAR,2,KAFIF_VAR,HAYIR
RUBNS,RUBENİS TEKSTİL SANAYİ TİCARET A.Ş.,BEYAN_VAR,4,KAFIF_VAR,HAYIR
RUZYE,RUZY MADENCİLİK VE ENERJİ YATIRIMLARI SANAYİ VE TİCARET A.Ş.,BEYAN_VAR,2,KAFIF_VAR,HAYIR
RYGYO,REYSAŞ GAYRİMENKUL YATIRIM ORTAKLIĞI A.Ş.,BEYAN_VAR,2,KAFIF_VAR,HAYIR
RYSAS,REYSAŞ TAŞIMACILIK VE LOJİSTİK TİCARET A.Ş.,BEYAN_VAR,2,KAFIF_VAR,HAYIR
SAFKR,SAFKAR EGE SOĞUTMACILIK KLİMA SOĞUK HAVA TESİSLERİ İHRACAT İTHALAT SANAYİ VE TİCARET A.Ş.,BEYAN_VAR,4,KAFIF_VAR,HAYIR
SAHOL,HACI ÖMER SABANCI HOLDİNG A.Ş.,BEYAN_VAR,2,KAFIF_VAR,HAYIR
SAMAT,SARAY MATBAACILIK KAĞITÇILIK KIRTASİYECİLİK TİCARET VE SANAYİ A.Ş.,BEYAN_VAR,3,KAFIF_VAR,HAYIR
SANEL,SAN-EL MÜHENDİSLİK ELEKTRİK TAAHHÜT SANAYİ VE TİCARET A.Ş.,BEYAN_VAR,3,KAFIF_VAR,HAYIR
SANFM,SANİFOAM ENDÜSTRİ VE TÜKETİM ÜRÜNLERİ SANAYİ TİCARET A.Ş.,BEYAN_VAR,2,KAFIF_VAR,HAYIR
SANKO,SANKO PAZARLAMA İTHALAT İHRACAT A.Ş.,BEYAN_VAR,3,KAFIF_VAR,HAYIR
SARAE,ŞA-RA ENERJİ İNŞAAT TİCARET VE SANAYİ A.Ş.,BEYAN_YOK,0,KAFIF_YOK,HAYIR
SARKY,SARKUYSAN ELEKTROLİTİK BAKIR SANAYİ VE TİCARET A.Ş.,BEYAN_VAR,3,KAFIF_VAR,HAYIR
SARTN,SARTEN AMBALAJ SANAYİ VE TİCARET A.Ş.,BEYAN_YOK,0,KAFIF_YOK,HAYIR
SASA,SASA POLYESTER SANAYİ A.Ş.,BEYAN_VAR,2,KAFIF_VAR,HAYIR
SAYAS,SAY YENİLENEBİLİR ENERJİ EKİPMANLARI SANAYİ VE TİCARET A.Ş.,BEYAN_VAR,3,KAFIF_VAR,HAYIR
SDTTR,SDT UZAY VE SAVUNMA TEKNOLOJİLERİ A.Ş.,BEYAN_VAR,2,KAFIF_VAR,HAYIR
SEGMN,SEĞMEN KARDEŞLER GIDA ÜRETİM VE AMBALAJ SANAYİ A.Ş.,BEYAN_VAR,2,KAFIF_VAR,HAYIR
SEGYO,ŞEKER GAYRİMENKUL YATIRIM ORTAKLIĞI A.Ş.,BEYAN_VAR,2,KAFIF_VAR,HAYIR
SEK,ŞEKERBANK T.A.Ş.,KAPSAM_DISI,0,MUAF_SORGULANMADI,EVET
SEKFK,ŞEKER FİNANSAL KİRALAMA A.Ş.,KAPSAM_DISI,0,MUAF_SORGULANMADI,EVET
SEKUR,SEKURO PLASTİK AMBALAJ SANAYİ A.Ş.,BEYAN_VAR,3,KAFIF_VAR,HAYIR
SELEC,SELÇUK ECZA DEPOSU TİCARET VE SANAYİ A.Ş.,BEYAN_VAR,2,KAFIF_VAR,HAYIR
SELVA,SELVA GIDA SANAYİ A.Ş.,BEYAN_VAR,2,KAFIF_VAR,HAYIR
SERNT,SERANİT GRANİT SERAMİK SANAYİ VE TİCARET A.Ş.,BEYAN_VAR,2,KAFIF_VAR,HAYIR
SEYKM,SEYİTLER KİMYA SANAYİ A.Ş.,BEYAN_VAR,2,KAFIF_VAR,HAYIR
SILVR,SİLVERLİNE ENDÜSTRİ VE TİCARET A.Ş.,BEYAN_VAR,2,KAFIF_VAR,HAYIR
SISE,TÜRKİYE ŞİŞE VE CAM FABRİKALARI A.Ş.,BEYAN_VAR,2,KAFIF_VAR,HAYIR
SKBNK,ŞEKERBANK T.A.Ş.,KAPSAM_DISI,0,MUAF_SORGULANMADI,EVET
SKTAS,SÖKTAŞ TEKSTİL SANAYİ VE TİCARET A.Ş.,BEYAN_VAR,2,KAFIF_VAR,HAYIR
SKY,ŞEKER YATIRIM MENKUL DEĞERLER A.Ş.,KAPSAM_DISI,0,MUAF_SORGULANMADI,EVET
SKYLP,SKYALP FİNANSAL TEKNOLOJİLER VE DANIŞMANLIK A.Ş.,BEYAN_VAR,2,KAFIF_VAR,HAYIR
SKYMD,ŞEKER YATIRIM MENKUL DEĞERLER A.Ş.,KAPSAM_DISI,0,MUAF_SORGULANMADI,EVET
SMART,SMARTİKS YAZILIM A.Ş.,BEYAN_VAR,2,KAFIF_VAR,HAYIR
SMRFA,SÜMER FAKTORİNG A.Ş.,KAPSAM_DISI,0,MUAF_SORGULANMADI,EVET
SMRTG,SMART GÜNEŞ ENERJİSİ TEKNOLOJİLERİ ARAŞTIRMA GELİŞTİRME ÜRETİM SANAYİ VE TİCARET A.Ş.,BEYAN_VAR,2,KAFIF_VAR,HAYIR
SMRVA,SÜMER VARLIK YÖNETİM A.Ş.,KAPSAM_DISI,0,MUAF_SORGULANMADI,EVET
SNGYO,SİNPAŞ GAYRİMENKUL YATIRIM ORTAKLIĞI A.Ş.,BEYAN_VAR,2,KAFIF_VAR,HAYIR
SNICA,SANİCA ISI SANAYİ A.Ş.,BEYAN_VAR,2,KAFIF_VAR,HAYIR
SNPAM,SÖNMEZ PAMUKLU SANAYİİ A.Ş.,BEYAN_VAR,3,KAFIF_VAR,HAYIR
SODSN,SODAŞ SODYUM SANAYİİ A.Ş.,BEYAN_VAR,2,KAFIF_VAR,HAYIR
SOHOE,SOHO GİYİM VE ENERJİ A.Ş.,BEYAN_YOK,0,KAFIF_YOK,HAYIR
SOKE,SÖKE DEĞİRMENCİLİK SANAYİ VE TİCARET A.Ş.,BEYAN_VAR,3,KAFIF_VAR,HAYIR
SOKM,ŞOK MARKETLER TİCARET A.Ş.,BEYAN_VAR,2,KAFIF_VAR,HAYIR
SONME,SÖNMEZ FİLAMENT SENTETİK İPLİK VE ELYAF SANAYİ A.Ş.,BEYAN_VAR,2,KAFIF_VAR,HAYIR
SRVGY,SERVET GAYRİMENKUL YATIRIM ORTAKLIĞI A.Ş.,BEYAN_VAR,3,KAFIF_VAR,HAYIR
SSAAT,SAAT VE SAAT SANAYİ VE TİCARET A.Ş.,BEYAN_YOK,0,KAFIF_YOK,HAYIR
SUMAS,SUMAŞ SUNİ TAHTA VE MOBİLYA SANAYİİ A.Ş.,BEYAN_VAR,3,KAFIF_VAR,HAYIR
SUNTK,SUN TEKSTİL SANAYİ VE TİCARET A.Ş.,BEYAN_VAR,3,KAFIF_VAR,HAYIR
SURGY,SUR TATİL EVLERİ GAYRİMENKUL YATIRIM ORTAKLIĞI A.Ş.,BEYAN_VAR,3,KAFIF_VAR,HAYIR
SUWEN,SUWEN TEKSTİL SANAYİ PAZARLAMA A.Ş.,BEYAN_VAR,2,KAFIF_VAR,HAYIR
SVGYO,SAVUR GAYRİMENKUL YATIRIM ORTAKLIĞI A.Ş.,BEYAN_VAR,1,KAFIF_VAR,HAYIR
TABGD,TAB GIDA SANAYİ VE TİCARET A.Ş.,BEYAN_VAR,3,KAFIF_VAR,HAYIR
TAC,TACİRLER YATIRIM MENKUL DEĞERLER A.Ş.,KAPSAM_DISI,0,MUAF_SORGULANMADI,EVET
TAE,TERA YATIRIM BANKASI A.Ş.,KAPSAM_DISI,0,MUAF_SORGULANMADI,EVET
TAMFA,TAM FİNANS FAKTORİNG A.Ş.,KAPSAM_DISI,0,MUAF_SORGULANMADI,EVET
TARFN,TARFİN TARIM A.Ş.,BEYAN_YOK,0,KAFIF_YOK,HAYIR
TARKM,TARKİM BİTKİ KORUMA SANAYİ VE TİCARET A.Ş.,BEYAN_VAR,3,KAFIF_VAR,HAYIR
TATEN,TATLIPINAR ENERJİ ÜRETİM A.Ş.,BEYAN_VAR,2,KAFIF_VAR,HAYIR
TATGD,TAT GIDA SANAYİ A.Ş.,BEYAN_VAR,4,KAFIF_VAR,HAYIR
TAVHL,TAV HAVALİMANLARI HOLDİNG A.Ş.,BEYAN_VAR,2,KAFIF_VAR,HAYIR
TBORG,TÜRK TUBORG BİRA VE MALT SANAYİİ A.Ş.,BEYAN_VAR,2,KAFIF_VAR,HAYIR
TCELL,TURKCELL İLETİŞİM HİZMETLERİ A.Ş.,BEYAN_YOK,0,KAFIF_YOK,HAYIR
TCKRC,KIRAÇ GALVANİZ TELEKOMİNİKASYON METAL MAKİNE İNŞAAT ELEKTRİK SANAYİ VE TİCARET A.Ş.,BEYAN_VAR,2,KAFIF_VAR,HAYIR
TCRYT,TACİRLER YATIRIM MENKUL DEĞERLER A.Ş.,KAPSAM_DISI,0,MUAF_SORGULANMADI,EVET
TDGYO,TREND GAYRİMENKUL YATIRIM ORTAKLIĞI A.Ş.,BEYAN_VAR,2,KAFIF_VAR,HAYIR
TEBFA,TEB FAKTORİNG A.Ş.,KAPSAM_DISI,0,MUAF_SORGULANMADI,EVET
TEHOL,TERA YATIRIM TEKNOLOJİ HOLDİNG A.Ş.,BEYAN_VAR,4,KAFIF_VAR,HAYIR
TEKTU,TEK-ART İNŞAAT TİCARET TURİZM SANAYİ VE YATIRIMLAR A.Ş.,BEYAN_VAR,2,KAFIF_VAR,HAYIR
TERA,TERA YATIRIM MENKUL DEĞERLER A.Ş.,KAPSAM_DISI,0,MUAF_SORGULANMADI,EVET
TEVKS,TERA VARLIK KİRALAMA A.Ş.,AYIRT_EDILEMEDI,0,KAFIF_YOK,
TEZOL,EUROPAP TEZOL KAĞIT SANAYİ VE TİCARET A.Ş.,BEYAN_VAR,3,KAFIF_VAR,HAYIR
TFNVK,TF VARLIK KİRALAMA A.Ş.,AYIRT_EDILEMEDI,0,KAFIF_YOK,
TGB,TÜRKİYE GARANTİ BANKASI A.Ş.,KAPSAM_DISI,0,MUAF_SORGULANMADI,EVET
TGSAS,TGS DIŞ TİCARET A.Ş.,BEYAN_VAR,2,KAFIF_VAR,HAYIR
THL,TÜRKİYE HALK BANKASI A.Ş.,KAPSAM_DISI,0,MUAF_SORGULANMADI,EVET
THR,TÜRKİYE İHRACAT KREDİ BANKASI A.Ş.,KAPSAM_DISI,0,MUAF_SORGULANMADI,EVET
THYAO,TÜRK HAVA YOLLARI A.O.,BEYAN_VAR,3,KAFIF_VAR,HAYIR
TIB,TÜRKİYE İŞ BANKASI A.Ş.,KAPSAM_DISI,0,MUAF_SORGULANMADI,EVET
TIMUR,TİMUR GAYRİMENKUL GELİŞTİRME YAPI VE YATIRIM A.Ş.,BEYAN_YOK,0,KAFIF_YOK,HAYIR
TKFEN,TEKFEN HOLDİNG A.Ş.,BEYAN_VAR,1,KAFIF_VAR,HAYIR
TKNSA,TEKNOSA İÇ VE DIŞ TİCARET A.Ş.,BEYAN_VAR,3,KAFIF_VAR,HAYIR
TLMAN,TRABZON LİMAN İŞLETMECİLİĞİ A.Ş.,BEYAN_VAR,2,KAFIF_VAR,HAYIR
TMPOL,TEMAPOL POLİMER PLASTİK VE İNŞAAT SANAYİ TİCARET A.Ş.,BEYAN_VAR,2,KAFIF_VAR,HAYIR
TMSN,TÜMOSAN MOTOR VE TRAKTÖR SANAYİ A.Ş.,BEYAN_VAR,2,KAFIF_VAR,HAYIR
TNZTP,TAPDİ OKSİJEN ÖZEL SAĞLIK VE EĞİTİM HİZMETLERİ SANAYİ TİCARET A.Ş.,BEYAN_VAR,3,KAFIF_VAR,HAYIR
TOASO,TOFAŞ TÜRK OTOMOBİL FABRİKASI A.Ş.,BEYAN_VAR,3,KAFIF_VAR,HAYIR
TRA,TERA YATIRIM MENKUL DEĞERLER A.Ş.,KAPSAM_DISI,0,MUAF_SORGULANMADI,EVET
TRALT,TÜRK ALTIN İŞLETMELERİ A.Ş.,BEYAN_VAR,2,KAFIF_VAR,HAYIR
TRBNK,TERA YATIRIM BANKASI A.Ş.,KAPSAM_DISI,0,MUAF_SORGULANMADI,EVET
TRCAS,TURCAS HOLDİNG A.Ş.,BEYAN_VAR,2,KAFIF_VAR,HAYIR
TRENJ,TR DOĞAL ENERJİ KAYNAKLARI ARAŞTIRMA VE ÜRETİM A.Ş.,BEYAN_VAR,2,KAFIF_VAR,HAYIR
TRFFA,TERA FİNANS FAKTORİNG A.Ş.,KAPSAM_DISI,0,MUAF_SORGULANMADI,EVET
TRGYO,TORUNLAR GAYRİMENKUL YATIRIM ORTAKLIĞI A.Ş.,BEYAN_VAR,2,KAFIF_VAR,HAYIR
TRHOL,TERA FİNANSAL YATIRIMLAR HOLDİNG A.Ş.,BEYAN_VAR,5,KAFIF_VAR,HAYIR
TRILC,TURK İLAÇ VE SERUM SANAYİ A.Ş.,BEYAN_VAR,2,KAFIF_VAR,HAYIR
TRKFN,TURK FİNANSMAN A.Ş.,BEYAN_YOK,0,KAFIF_YOK,HAYIR
TRKNT,TURKNET İLETİŞİM HİZMETLERİ A.Ş.,BEYAN_YOK,0,BOS_SONUC,HAYIR
TRMEN,TRIVE YATIRIM MENKUL DEĞERLER A.Ş.,KAPSAM_DISI,0,MUAF_SORGULANMADI,EVET
TRMET,TR ANADOLU METAL MADENCİLİK İŞLETMELERİ A.Ş.,BEYAN_VAR,2,KAFIF_VAR,HAYIR
TRYKI,TİRYAKİ AGRO GIDA SANAYİ VE TİCARET A.Ş.,BEYAN_YOK,0,KAFIF_YOK,HAYIR
TSGYO,TSKB GAYRİMENKUL YATIRIM ORTAKLIĞI A.Ş.,BEYAN_VAR,2,KAFIF_VAR,HAYIR
TSK,TÜRKİYE SINAİ KALKINMA BANKASI A.Ş.,KAPSAM_DISI,0,MUAF_SORGULANMADI,EVET
TSKB,TÜRKİYE SINAİ KALKINMA BANKASI A.Ş.,KAPSAM_DISI,0,MUAF_SORGULANMADI,EVET
TSPOR,TRABZONSPOR SPORTİF YATIRIM VE FUTBOL İŞLETMECİLİĞİ TİCARET A.Ş.,BEYAN_VAR,2,KAFIF_VAR,HAYIR
TTKOM,TÜRK TELEKOMÜNİKASYON A.Ş.,BEYAN_VAR,3,KAFIF_VAR,HAYIR
TTRAK,TÜRK TRAKTÖR VE ZİRAAT MAKİNELERİ A.Ş.,BEYAN_VAR,2,KAFIF_VAR,HAYIR
TUCLK,TUĞÇELİK ALÜMİNYUM VE METAL MAMÜLLERİ SANAYİ VE TİCARET A.Ş.,BEYAN_VAR,3,KAFIF_VAR,HAYIR
TUKAS,TUKAŞ GIDA SANAYİ VE TİCARET A.Ş.,BEYAN_VAR,3,KAFIF_VAR,HAYIR
TUPRS,TÜPRAŞ-TÜRKİYE PETROL RAFİNERİLERİ A.Ş.,BEYAN_VAR,2,KAFIF_VAR,HAYIR
TUREX,TUREKS TURİZM TAŞIMACILIK A.Ş.,BEYAN_VAR,1,KAFIF_VAR,HAYIR
TURGG,TÜRKER PROJE GAYRİMENKUL VE YATIRIM GELİŞTİRME A.Ş.,BEYAN_VAR,2,KAFIF_VAR,HAYIR
TURSG,TÜRKİYE SİGORTA A.Ş.,KAPSAM_DISI,0,MUAF_SORGULANMADI,EVET
TV8TV,TV8 TV YAYINCILIK A.Ş.,BEYAN_YOK,0,KAFIF_YOK,HAYIR
TVB,TÜRKİYE VAKIFLAR BANKASI T.A.O.,KAPSAM_DISI,0,MUAF_SORGULANMADI,EVET
TVM,TRIVE YATIRIM MENKUL DEĞERLER A.Ş.,KAPSAM_DISI,0,MUAF_SORGULANMADI,EVET
UCAYM,ÜÇAY MÜHENDİSLİK ENERJİ VE İKLİMLENDİRME TEKNOLOJİLERİ A.Ş.,BEYAN_VAR,2,KAFIF_VAR,HAYIR
UFUK,UFUK YATIRIM YÖNETİM VE GAYRİMENKUL A.Ş.,BEYAN_VAR,3,KAFIF_VAR,HAYIR
ULAS,ULAŞLAR TURİZM ENERJİ TARIM GIDA VE İNŞAAT YATIRIMLARI A.Ş.,BEYAN_VAR,4,KAFIF_VAR,HAYIR
ULKER,ÜLKER BİSKÜVİ SANAYİ A.Ş.,BEYAN_VAR,2,KAFIF_VAR,HAYIR
ULUFA,ULUSAL FAKTORİNG A.Ş.,KAPSAM_DISI,0,MUAF_SORGULANMADI,EVET
ULUSE,ULUSOY ELEKTRİK İMALAT TAAHHÜT VE TİCARET A.Ş.,BEYAN_VAR,5,KAFIF_VAR,HAYIR
ULUUN,ULUSOY UN SANAYİ VE TİCARET A.Ş.,BEYAN_VAR,2,KAFIF_VAR,HAYIR
UMPAS,UMPAŞ HOLDİNG A.Ş.,BEYAN_YOK,0,BOS_SONUC,HAYIR
UNLU,ÜNLÜ YATIRIM HOLDİNG A.Ş.,BEYAN_VAR,2,KAFIF_VAR,HAYIR
USAK,UŞAK SERAMİK SANAYİ A.Ş.,BEYAN_VAR,4,KAFIF_VAR,HAYIR
VAKBN,TÜRKİYE VAKIFLAR BANKASI T.A.O.,KAPSAM_DISI,0,MUAF_SORGULANMADI,EVET
VAKFA,VAKIF FAKTORİNG A.Ş.,KAPSAM_DISI,0,MUAF_SORGULANMADI,EVET
VAKFN,VAKIF FİNANSAL KİRALAMA A.Ş.,KAPSAM_DISI,0,MUAF_SORGULANMADI,EVET
VAKKO,VAKKO TEKSTİL VE HAZIR GİYİM SANAYİ İŞLETMELERİ A.Ş.,BEYAN_VAR,3,KAFIF_VAR,HAYIR
VAKVK,VAKIF VARLIK KİRALAMA A.Ş.,AYIRT_EDILEMEDI,0,KAFIF_YOK,
VANGD,VANET GIDA SANAYİ İÇ VE DIŞ TİCARET A.Ş.,BEYAN_VAR,2,KAFIF_VAR,HAYIR
VBTYZ,VBT YAZILIM A.Ş.,BEYAN_VAR,3,KAFIF_VAR,HAYIR
VDFAS,VOLKSWAGEN DOĞUŞ FİNANSMAN A.Ş.,BEYAN_YOK,0,KAFIF_YOK,HAYIR
VDFLO,VDF FİLO KİRALAMA A.Ş.,BEYAN_YOK,0,KAFIF_YOK,HAYIR
VERTU,VERUSATURK GİRİŞİM SERMAYESİ YATIRIM ORTAKLIĞI A.Ş.,BEYAN_VAR,2,KAFIF_VAR,HAYIR
VERUS,VERUSA HOLDİNG A.Ş.,BEYAN_VAR,2,KAFIF_VAR,HAYIR
VESBE,VESTEL BEYAZ EŞYA SANAYİ VE TİCARET A.Ş.,BEYAN_VAR,2,KAFIF_VAR,HAYIR
VESTL,VESTEL ELEKTRONİK SANAYİ VE TİCARET A.Ş.,BEYAN_VAR,2,KAFIF_VAR,HAYIR
VKFYO,VAKIF MENKUL KIYMET YATIRIM ORTAKLIĞI A.Ş.,KAPSAM_DISI,0,MUAF_SORGULANMADI,EVET
VKGYO,VAKIF GAYRİMENKUL YATIRIM ORTAKLIĞI A.Ş.,BEYAN_VAR,2,KAFIF_VAR,HAYIR
VKING,VİKİNG KAĞIT VE SELÜLOZ A.Ş.,BEYAN_VAR,3,KAFIF_VAR,HAYIR
VRGYO,VERA KONSEPT GAYRİMENKUL YATIRIM ORTAKLIĞI A.Ş.,BEYAN_VAR,2,KAFIF_VAR,HAYIR
VSNMD,VİŞNE MADENCİLİK ÜRETİM SANAYİ VE TİCARET A.Ş.,BEYAN_VAR,2,KAFIF_VAR,HAYIR
YAPRK,YAPRAK SÜT VE BESİ ÇİFTLİKLERİ SANAYİ VE TİCARET A.Ş.,BEYAN_VAR,2,KAFIF_VAR,HAYIR
YATAS,YATAŞ YATAK VE YORGAN SANAYİ TİCARET A.Ş.,BEYAN_VAR,4,KAFIF_VAR,HAYIR
YATVK,YATIRIM VARLIK KİRALAMA A.Ş.,AYIRT_EDILEMEDI,0,KAFIF_YOK,
YAYLA,YAYLA ENERJİ ÜRETİM TURİZM VE İNŞAAT TİCARET A.Ş.,BEYAN_VAR,2,KAFIF_VAR,HAYIR
YBQ,Q YATIRIM BANKASI A.Ş.,KAPSAM_DISI,0,MUAF_SORGULANMADI,EVET
YBTAS,YİBİTAŞ YOZGAT İŞÇİ BİRLİĞİ İNŞAAT MALZEMELERİ TİCARET VE SANAYİ A.Ş.,BEYAN_VAR,2,KAFIF_VAR,HAYIR
YEOTK,YEO TEKNOLOJİ ENERJİ VE ENDÜSTRİ A.Ş.,BEYAN_VAR,4,KAFIF_VAR,HAYIR
YESIL,YEŞİL YATIRIM HOLDİNG A.Ş.,BEYAN_VAR,1,KAFIF_VAR,HAYIR
YGGYO,YENİ GİMAT GAYRİMENKUL YATIRIM ORTAKLIĞI A.Ş.,BEYAN_VAR,3,KAFIF_VAR,HAYIR
YIGIT,YİĞİT AKÜ MALZEMELERİ NAKLİYAT TURİZM İNŞAAT SANAYİ VE TİCARET A.Ş.,BEYAN_VAR,2,KAFIF_VAR,HAYIR
YKB,YAPI VE KREDİ BANKASI A.Ş.,KAPSAM_DISI,0,MUAF_SORGULANMADI,EVET
YKBNK,YAPI VE KREDİ BANKASI A.Ş.,KAPSAM_DISI,0,MUAF_SORGULANMADI,EVET
YKFIN,YAPI KREDİ FİNANSAL KİRALAMA A.O.,KAPSAM_DISI,0,MUAF_SORGULANMADI,EVET
YKFKT,YAPI KREDİ FAKTORİNG A.Ş.,KAPSAM_DISI,0,MUAF_SORGULANMADI,EVET
YKR,YAPI KREDİ YATIRIM MENKUL DEĞERLER A.Ş.,KAPSAM_DISI,0,MUAF_SORGULANMADI,EVET
YKSLN,YÜKSELEN ÇELİK A.Ş.,BEYAN_VAR,3,KAFIF_VAR,HAYIR
YKYAT,YAPI KREDİ YATIRIM MENKUL DEĞERLER A.Ş.,KAPSAM_DISI,0,MUAF_SORGULANMADI,EVET
YONGA,YONGA MOBİLYA SANAYİ VE TİCARET A.Ş.,BEYAN_VAR,2,KAFIF_VAR,HAYIR
YUNSA,YÜNSA YÜNLÜ SANAYİ VE TİCARET A.Ş.,BEYAN_VAR,3,KAFIF_VAR,HAYIR
YYAPI,YEŞİL YAPI ENDÜSTRİSİ A.Ş.,BEYAN_VAR,1,KAFIF_VAR,HAYIR
YYLGD,YAYLA AGRO GIDA SANAYİ VE TİCARET A.Ş.,BEYAN_VAR,2,KAFIF_VAR,HAYIR
ZEDUR,ZEDUR ENERJİ ELEKTRİK ÜRETİM A.Ş.,BEYAN_VAR,2,KAFIF_VAR,HAYIR
ZERGY,ZERAY GAYRİMENKUL YATIRIM ORTAKLIĞI A.Ş.,BEYAN_VAR,2,KAFIF_VAR,HAYIR
ZGYO,Z GAYRİMENKUL YATIRIM ORTAKLIĞI A.Ş.,BEYAN_VAR,1,KAFIF_VAR,HAYIR
ZKBVK,ZİRAAT KATILIM VARLIK KİRALAMA A.Ş.,AYIRT_EDILEMEDI,0,KAFIF_YOK,
ZKBVR,ZKB VARLIK KİRALAMA A.Ş.,AYIRT_EDILEMEDI,0,KAFIF_YOK,
ZOREN,ZORLU ENERJİ ELEKTRİK ÜRETİM A.Ş.,BEYAN_VAR,2,KAFIF_VAR,HAYIR
ZRGYO,ZİRAAT GAYRİMENKUL YATIRIM ORTAKLIĞI A.Ş.,BEYAN_VAR,2,KAFIF_VAR,HAYIR
