ticker,uuid,unvan,durum,kafif_sayisi,toplam_bildirim,sorgu_tarihi,not
A1CAP/ACP,4028e4a1416e696301416f37201c5f2e,A1 CAPİTAL YATIRIM MENKUL DEĞERLER A.Ş.,MUAF_SORGULANMADI,0,0,2026-08-07,
A1YEN,8acae2c5794d3d66017a62a693be689d,A1 YENİLENEBİLİR ENERJİ ÜRETİM A.Ş.,KAFIF_VAR,2,13,2026-08-07,
AAGYO,8acae2c49c81f743019d2dfb40633db8,AĞAOĞLU AVRASYA GAYRİMENKUL YATIRIM ORTAKLIĞI A.Ş.,KAFIF_YOK,0,29,2026-08-07,
ACSEL,4028e4a2420327a4014209c55161144d,ACISELSAN ACIPAYAM SELÜLOZ SANAYİ VE TİCARET A.Ş.,KAFIF_VAR,2,11,2026-08-07,
ADB/ADBNK,4028e4a140f2ed72014116e79df405db,ANADOLUBANK A.Ş.,MUAF_SORGULANMADI,0,0,2026-08-07,
ADEL,4028e4a240e8d16e0140e8f159dc0033,ADEL KALEMCİLİK TİCARET VE SANAYİ A.Ş.,KAFIF_VAR,2,16,2026-08-07,
ADESE,4028e4a140f2ed720141164431b905a5,ADESE GAYRİMENKUL YATIRIM A.Ş.,KAFIF_VAR,2,9,2026-08-07,
ADGYO,8acae2c586d22c53018a737800f804ae,ADRA GAYRİMENKUL YATIRIM ORTAKLIĞI A.Ş.,KAFIF_VAR,2,57,2026-08-07,
ADLVY,8acae2c4998f24d80199e1a75ec6473e,ADİL VARLIK YÖNETİM A.Ş.,MUAF_SORGULANMADI,0,0,2026-08-07,
AEFES,4028e4a140e95bea0140ed2fde10009d,ANADOLU EFES BİRACILIK VE MALT SANAYİİ A.Ş.,KAFIF_VAR,2,31,2026-08-07,
AFB/AKTIF,1DE05DAA8212073AE0530A4A622A2EBD,AKTİF YATIRIM BANKASI A.Ş.,MUAF_SORGULANMADI,0,0,2026-08-07,
AFYON,4028e4a24158e42401415af83d607fd3,AFYON ÇİMENTO SANAYİ T.A.Ş.,KAFIF_VAR,2,15,2026-08-07,
AGESA,4028e4a140e95bea0140edeb7a54015d,AGESA HAYAT VE EMEKLİLİK A.Ş.,MUAF_SORGULANMADI,0,0,2026-08-07,
AGHOL,4028e4a240f2ef4c014101b18dc000f7,AG ANADOLU GRUBU HOLDİNG A.Ş.,KAFIF_VAR,2,15,2026-08-07,
AGROT,8acae2c48b2fa259018bb9e449415e84,AGROTECH YÜKSEK TEKNOLOJİ VE YATIRIM A.Ş.,KAFIF_VAR,2,22,2026-08-07,
AGYO,4028e4a240f2ef4c0141164a06d8043a,ATAKULE GAYRİMENKUL YATIRIM ORTAKLIĞI A.Ş.,KAFIF_VAR,2,30,2026-08-07,
AHGAZ,4028e4a14203278a0142095715f914d0,AHLATCI DOĞAL GAZ DAĞITIM ENERJİ VE YATIRIM A.Ş.,KAFIF_VAR,2,18,2026-08-07,
AHSGY,8acae2c59145e00a01915a44a01d1179,AHES GAYRİMENKUL YATIRIM ORTAKLIĞI A.Ş.,KAFIF_VAR,5,26,2026-08-07,
AKBNK,4028e4a240e8d1830140e905edcd0006,AKBANK T.A.Ş.,MUAF_SORGULANMADI,0,0,2026-08-07,
AKCNS,4028e4a140e8cfa00140e92b0c380016,AKÇANSA ÇİMENTO SANAYİ VE TİCARET A.Ş.,KAFIF_VAR,2,12,2026-08-07,
AKCVR,8acae2c4991b8c31019928545a1100fe,AKADEMİ ÇEVRE ENTEGRE ATIK YÖNETİMİ ENDÜSTRİ A.Ş.,KAFIF_YOK,0,5,2026-08-07,
AKDFA,4028e4a1415f4d990141601150cc3212,AKDENİZ FAKTORİNG A.Ş.,MUAF_SORGULANMADI,0,0,2026-08-07,
AKENR,4028e4a14184e9cf01419bffce0b5a69,AKENERJİ ELEKTRİK ÜRETİM A.Ş.,KAFIF_VAR,2,13,2026-08-07,
AKFGY,4028e4a141733b56014183c1c6ed426e,AKFEN GAYRİMENKUL YATIRIM ORTAKLIĞI A.Ş.,KAFIF_VAR,3,35,2026-08-07,
AKFIS,8acae2c59145e00a0192aedf5db86688,AKFEN İNŞAAT TURİZM VE TİCARET A.Ş.,KAFIF_VAR,3,17,2026-08-07,
AKFK,4028e4a240e8d16e0140e8f31069003f,AK FİNANSAL KİRALAMA A.Ş.,MUAF_SORGULANMADI,0,0,2026-08-07,
AKFYE,8acae2c48304fe9e0186a66e7a9568ea,AKFEN YENİLENEBİLİR ENERJİ A.Ş.,KAFIF_VAR,4,12,2026-08-07,
AKGRT,4028e4a140e95be70140ed12e1f4002c,AKSİGORTA A.Ş.,MUAF_SORGULANMADI,0,0,2026-08-07,
AKHAN,8acae2c49b85f8ce019beef9720d5cc5,AKHAN UN FABRİKASI VE TARIM ÜRÜNLERİ GIDA SANAYİ TİCARET A.Ş.,KAFIF_VAR,1,57,2026-08-07,
AKM/AKMEN,4028e4a240e8d16e0140e8f3d0fe0047,AK YATIRIM MENKUL DEĞERLER A.Ş.,MUAF_SORGULANMADI,0,0,2026-08-07,
AKMGY,4028e4a240e95dc30140ecc218b30032,AKMERKEZ GAYRİMENKUL YATIRIM ORTAKLIĞI A.Ş.,KAFIF_VAR,2,20,2026-08-07,
AKSA,4028e4a240f2ef470141175e189f0453,AKSA AKRİLİK KİMYA SANAYİİ A.Ş.,KAFIF_VAR,2,21,2026-08-07,
AKSEN,4028e4a241733d42014179341a147ddb,AKSA ENERJİ ÜRETİM A.Ş.,KAFIF_VAR,2,14,2026-08-07,
AKSFA,4028e4a240e8d16e0140e8f24bd3003b,AK FAKTORİNG A.Ş.,MUAF_SORGULANMADI,0,0,2026-08-07,
AKSGY,4028e4a14158e41f01415a865c0e4d13,AKİŞ GAYRİMENKUL YATIRIM ORTAKLIĞI A.Ş.,KAFIF_VAR,2,24,2026-08-07,
AKSUE,4028e4a140f2ed7201413a20480e0851,AKSU ENERJİ VE TİCARET A.Ş.,KAFIF_VAR,2,12,2026-08-07,
AKTVK,4028e4a14371e097014371f9653d00c2,AKTİF BANK SUKUK VARLIK KİRALAMA A.Ş.,KAFIF_YOK,0,11,2026-08-07,
AKYHO,4028e4a1415f4d9901416dc64bd161cb,AKDENİZ YATIRIM HOLDİNG A.Ş.,KAFIF_VAR,4,19,2026-08-07,
ALARK,4028e4a241462fd80141500c738e36be,ALARKO HOLDİNG A.Ş.,KAFIF_VAR,2,15,2026-08-07,
ALBRK/ALK,4028e4a240f2ef4c014106a1c5ef016d,ALBARAKA TÜRK KATILIM BANKASI A.Ş.,MUAF_SORGULANMADI,0,0,2026-08-07,
ALBTN,8acae2c49f52d9d8019f6edc29f30cc2,ALBAYRAK HAZIR BETON SANAYİ VE TİCARET A.Ş.,KAFIF_VAR,1,29,2026-08-07,
ALCAR,4028e4a241558bd9014155e085e305fd,ALARKO CARRIER SANAYİ VE TİCARET A.Ş.,KAFIF_VAR,3,13,2026-08-07,
ALCTL,4028e4a140f2ed71014110e38acb01b5,ALCATEL LUCENT TELETAŞ TELEKOMÜNİKASYON A.Ş.,KAFIF_VAR,2,8,2026-08-07,
ALFAS,8acae2c5830502c30183559e2336223e,ALFA SOLAR ENERJİ SANAYİ VE TİCARET A.Ş.,KAFIF_VAR,3,13,2026-08-07,
ALGYO,4028e4a241462fd801415005df1c3612,ALARKO GAYRİMENKUL YATIRIM ORTAKLIĞI A.Ş.,KAFIF_VAR,2,26,2026-08-07,
ALJF,4028e4a2422d9a6e01427b2bed8d5347,ALJ FİNANSMAN A.Ş.,KAFIF_YOK,0,3,2026-08-07,
ALKA,4028e4a2416e697d01416f39965a5eb5,ALKİM KAĞIT SANAYİ VE TİCARET A.Ş.,KAFIF_VAR,3,13,2026-08-07,
ALKIM,4028e4a140e95be70140ed147846003c,ALKİM ALKALİ KİMYA A.Ş.,KAFIF_VAR,5,16,2026-08-07,
ALKLC,8acae2c48c3efac0018fabe7ce965048,ALTINKILIÇ GIDA VE SÜT SANAYİ TİCARET A.Ş.,KAFIF_VAR,3,25,2026-08-07,
ALNUS/ANC,4028e4a141da49e50141e085b2112b8a,ALNUS YATIRIM MENKUL DEĞERLER A.Ş.,MUAF_SORGULANMADI,0,0,2026-08-07,
ALTNY,8acae2c58b2fa64e018f3d2d712476e2,ALTINAY SAVUNMA TEKNOLOJİLERİ A.Ş.,KAFIF_VAR,3,26,2026-08-07,
ALVES,8acae2c58b2fa64e018dc0263b1377aa,ALVES KABLO SANAYİ VE TİCARET A.Ş.,KAFIF_VAR,3,44,2026-08-07,
ANELE,4028e4a1416e696301416ecd11a12b86,ANEL ELEKTRİK PROJE TAAHHÜT VE TİCARET A.Ş.,KAFIF_VAR,2,10,2026-08-07,
ANGEN,8acae2c47afb298b017bed9f037a7185,ANATOLİA TANI VE BİYOTEKNOLOJİ ÜRÜNLERİ ARAŞTIRMA GELİŞTİRME SANAYİ VE TİCARET A.Ş.,KAFIF_VAR,5,12,2026-08-07,
ANHYT,4028e4a140e95be70140ed40cb930098,ANADOLU HAYAT EMEKLİLİK A.Ş.,MUAF_SORGULANMADI,0,0,2026-08-07,
ANSGR,4028e4a140e95bea0140ed21b5c10078,ANADOLU ANONİM TÜRK SİGORTA ŞİRKETİ,MUAF_SORGULANMADI,0,0,2026-08-07,
ARASE,8acae2c47afb298b017ccb97632144e5,DOĞU ARAS ENERJİ YATIRIMLARI A.Ş.,KAFIF_VAR,3,11,2026-08-07,
ARCLK,4028e4a240e95dc90140ed55b43900cf,ARÇELİK A.Ş.,KAFIF_VAR,2,23,2026-08-07,
ARDYZ,8acae2c46d7599a6016dde9d93aa2b52,ARD GRUP BİLİŞİM TEKNOLOJİLERİ A.Ş.,KAFIF_VAR,3,11,2026-08-07,
ARENA,4028e4a140e95bea0140ed5af3a000da,ARENA BİLGİSAYAR SANAYİ VE TİCARET A.Ş.,KAFIF_VAR,2,14,2026-08-07,
ARFYE,8acae2c4998f24d8019b3576c66b77ad,ARF BİO YENİLENEBİLİR ENERJİ ÜRETİM A.Ş.,KAFIF_VAR,3,43,2026-08-07,
ARMGD,8acae2c59145e00e0193f29ce775161c,ARMADA GIDA TİCARET SANAYİ A.Ş.,KAFIF_VAR,2,25,2026-08-07,
ARSAN,4028e4a14158e41f01415b1862696142,ARSAN HOLDİNG A.Ş.,KAFIF_VAR,2,19,2026-08-07,
ARSVY,8acae2c569cee403016a8d2b85e8733f,ARSAN VARLIK YÖNETİM A.Ş.,MUAF_SORGULANMADI,0,0,2026-08-07,
ARTMS,8acae2c48c3efac0018dd4c742665c88,ARTEMİS HALI A.Ş.,KAFIF_VAR,3,12,2026-08-07,
ARZUM,4028e4a1415f4d990141600875c531b9,ARZUM ELEKTRİKLİ EV ALETLERİ SANAYİ VE TİCARET A.Ş.,KAFIF_VAR,3,44,2026-08-07,
ASELS,4028e4a1413b7ef401413bc2251e0047,ASELSAN ELEKTRONİK SANAYİ VE TİCARET A.Ş.,KAFIF_VAR,3,22,2026-08-07,
ASGYO,8acae2c562329bd1016464c3796e08a0,ASCE GAYRİMENKUL YATIRIM ORTAKLIĞI A.Ş.,KAFIF_VAR,2,68,2026-08-07,
ASTOR,8acae2c562329bd10164405fe6c17996,ASTOR ENERJİ A.Ş.,KAFIF_VAR,2,19,2026-08-07,
ASUZU,4028e4a140e95be70140ed43c4fe00a9,ANADOLU ISUZU OTOMOTİV SANAYİ VE TİCARET A.Ş.,KAFIF_VAR,3,14,2026-08-07,
ATA/ATAYM,4028e4a140e95bea0140ede507ca0145,ATA YATIRIM MENKUL KIYMETLER A.Ş.,MUAF_SORGULANMADI,0,0,2026-08-07,
ATAGY,4028e4a140e95bea0140eddf432a0115,ATA GAYRİMENKUL YATIRIM ORTAKLIĞI A.Ş.,KAFIF_VAR,3,15,2026-08-07,
ATAKP,8acae2c586d22c53018953500b004578,ATAKEY PATATES GIDA SANAYİ VE TİCARET A.Ş.,KAFIF_VAR,3,12,2026-08-07,
ATATP,8acae2c4794d364801798f781baf0fad,ATP YAZILIM VE TEKNOLOJİ A.Ş.,KAFIF_VAR,2,15,2026-08-07,
ATATR,8acae2c59b85fa06019c31d76d8707fb,ATA TURİZM İŞLETMECİLİK TAŞIMACILIK MADENCİLİK KUYUMCULUK SANAYİ VE DIŞ TİCARET A.Ş.,KAFIF_VAR,1,63,2026-08-07,
ATAVK,8acae2c494bafc93019634bf00163e28,ATA VARLIK KİRALAMA A.Ş.,KAFIF_YOK,0,39,2026-08-07,
ATEKS,4028e4a140f2ed7101412c13ba8303a8,AKIN TEKSTİL A.Ş.,KAFIF_VAR,2,10,2026-08-07,
ATLAS,4028e4a240f2ef4c0141029fff920169,ATLAS MENKUL KIYMETLER YATIRIM ORTAKLIĞI A.Ş.,MUAF_SORGULANMADI,0,0,2026-08-07,
ATLFA,4028e4a140f2ed7101413af757590466,ATILIM FAKTORİNG A.Ş.,MUAF_SORGULANMADI,0,0,2026-08-07,
ATSYH,4028e4a241558bd9014155dde60a05e7,ATLANTİS YATIRIM HOLDİNG A.Ş.,KAFIF_VAR,1,17,2026-08-07,
AVGYO,4028e4a240f2ef4c0141029cf7680164,AVRASYA GAYRİMENKUL YATIRIM ORTAKLIĞI A.Ş.,KAFIF_VAR,2,35,2026-08-07,
AVHOL,1DE05DAA81E9073AE0530A4A622A2EBD,AVRUPA YATIRIM HOLDİNG A.Ş.,KAFIF_VAR,2,12,2026-08-07,
AVOD,4028e4a140f2ed72014107916fed023d,A.V.O.D. KURUTULMUŞ GIDA VE TARIM ÜRÜNLERİ SANAYİ TİCARET A.Ş.,KAFIF_VAR,2,8,2026-08-07,
AVPGY,8acae2c48c3efabf018c4824da4a0623,AVRUPAKENT GAYRİMENKUL YATIRIM ORTAKLIĞI A.Ş.,KAFIF_VAR,2,45,2026-08-07,
AVTUR,4028e4a241733d42014182b942a247e4,AVRASYA PETROL VE TURİSTİK TESİSLER YATIRIMLAR A.Ş.,KAFIF_VAR,2,8,2026-08-07,
AYCES,4028e4a240e95dc90140ed1bc88e0071,ALTIN YUNUS ÇEŞME TURİSTİK TESİSLER A.Ş.,KAFIF_VAR,4,10,2026-08-07,
AYDEM,8acae2c4782a4d580178b56e7c5c4404,AYDEM YENİLENEBİLİR ENERJİ A.Ş.,KAFIF_VAR,2,16,2026-08-07,
AYEN,4028e4a240e95dc90140edf072ef0165,AYEN ENERJİ A.Ş.,KAFIF_VAR,4,12,2026-08-07,
AYES,4028e4a1416f846101416f85f6730028,AYES ÇELİK HASIR VE ÇİT SANAYİ A.Ş.,KAFIF_VAR,3,15,2026-08-07,
AYGAZ,4028e4a140e95be70140ee03bd6000e0,AYGAZ A.Ş.,KAFIF_VAR,2,20,2026-08-07,
AZTEK,8acae2c4819d0efe01826e96dd896e0e,AZTEK TEKNOLOJİ ÜRÜNLERİ TİCARET A.Ş.,KAFIF_VAR,2,15,2026-08-07,
BAGFS,4028e4a240f2ef4701410810f53601c4,BAGFAŞ BANDIRMA GÜBRE FABRİKALARI A.Ş.,KAFIF_VAR,2,11,2026-08-07,
BAHKM,8acae2c48c3efabf0191137b972152e7,BAHADIR KİMYA SANAYİ VE TİCARET A.Ş.,KAFIF_VAR,3,26,2026-08-07,
BAKAB,4028e4a1415f4d9b01415fdc75f12f64,BAK AMBALAJ SANAYİ VE TİCARET A.Ş.,KAFIF_VAR,2,12,2026-08-07,
BALAT,4028e4a1416e696501416ee5a3d939ad,BALATACILAR BALATACILIK SANAYİ VE TİCARET A.Ş.,KAFIF_YOK,0,9,2026-08-07,
BALSU,8acae2c580e9103101811f4715cc1821,BALSU GIDA SANAYİ VE TİCARET A.Ş.,KAFIF_VAR,2,26,2026-08-07,
BANVT,4028e4a1415f4d990141601902e33250,BANVİT BANDIRMA VİTAMİNLİ YEM SANAYİ A.Ş.,KAFIF_VAR,4,21,2026-08-07,
BARMA,8acae2c47f7cb491017fb5f0afdf174a,BAREM AMBALAJ SANAYİ VE TİCARET A.Ş.,KAFIF_VAR,3,35,2026-08-07,
BASCM,4028e4a140f2ed7201413a4092720892,BAŞTAŞ BAŞKENT ÇİMENTO SANAYİ VE TİCARET A.Ş.,KAFIF_VAR,2,6,2026-08-07,
BASGZ,4028e4a240f2ef4701413a3410a605ce,BAŞKENT DOĞALGAZ DAĞITIM GAYRİMENKUL YATIRIM ORTAKLIĞI A.Ş.,KAFIF_VAR,3,18,2026-08-07,
BAYRK,8acae2c56faf888c0170a0e2d88d77c3,BAYRAK EBT TABAN SANAYİ VE TİCARET A.Ş.,KAFIF_VAR,3,15,2026-08-07,
BEGYO,8acae2c48b2fa25a018c01ae7c3973de,BATI EGE GAYRİMENKUL YATIRIM ORTAKLIĞI A.Ş.,KAFIF_VAR,1,19,2026-08-07,
BERA,4028e4a241733d42014174023cb0192b,BERA HOLDİNG A.Ş.,KAFIF_VAR,2,16,2026-08-07,
BESLR,4028e4a1416e696301416ec5743e289d,BESLER GIDA VE KİMYA SANAYİ VE TİCARET A.Ş.,KAFIF_VAR,2,14,2026-08-07,
BESTE,8acae2c49b85f8ce019c0d9c2cc26b56,BEST BRANDS GRUP ENERJİ YATIRIM A.Ş.,KAFIF_VAR,1,36,2026-08-07,
BETAE,8acae2c5794d3d6a01797a0d1ebd088c,BETA ENERJİ VE TEKNOLOJİ A.Ş.,KAFIF_YOK,0,64,2026-08-07,
BEYAZ,4028e4a141558bdd01415619e62c0577,BEYAZ FİLO OTO KİRALAMA A.Ş.,KAFIF_VAR,3,11,2026-08-07,
BFREN,4028e4a140e95bea0140ee30fb6001b9,BOSCH FREN SİSTEMLERİ SANAYİ VE TİCARET A.Ş.,KAFIF_YOK,0,7,2026-08-07,
BIENY,4028e4a24a5df6e7014ba1e60b464173,BİEN YAPI ÜRÜNLERİ SANAYİ TURİZM VE TİCARET A.Ş.,KAFIF_VAR,2,24,2026-08-07,
BIGCH,8acae2c486d22a3a0187c6822e7324e6,BÜYÜK ŞEFLER GIDA TURİZM TEKSTİL DANIŞMANLIK ORGANİZASYON EĞİTİM SANAYİ VE TİCARET A.Ş.,KAFIF_VAR,2,22,2026-08-07,
BIGEN,8acae2c49145e00b01949842f70b1a46,BİRLEŞİM GRUP ENERJİ YATIRIMLARI A.Ş.,KAFIF_VAR,3,19,2026-08-07,
BIGTK,4028e4a240ee866c0140f2066a0400b8,BİG MEDYA TEKNOLOJİ A.Ş.,KAFIF_YOK,0,17,2026-08-07,
BIMAS,4028e4a140e95be70140ee1b7b030119,BİM BİRLEŞİK MAĞAZALAR A.Ş.,KAFIF_VAR,4,16,2026-08-07,
BINBN,8acae2c49145e00b01922d34585110b6,BİN ULAŞIM VE AKILLI ŞEHİR TEKNOLOJİLERİ A.Ş.,KAFIF_VAR,2,16,2026-08-07,
BINHO,8acae2c48b2fa25a018bba0a5034596d,1000 YATIRIMLAR HOLDİNG A.Ş.,KAFIF_VAR,2,22,2026-08-07,
BIOEN,8acae2c4780814e2017826e1e07318d8,BİOTREND ÇEVRE VE ENERJİ YATIRIMLARI A.Ş.,KAFIF_VAR,2,17,2026-08-07,
BIZIM,4028e4a1416e696301416ec4471d280d,BİZİM TOPTAN SATIŞ MAĞAZALARI A.Ş.,KAFIF_VAR,2,10,2026-08-07,
BJKAS,4028e4a241a25fcb0141a276cda10189,BEŞİKTAŞ FUTBOL YATIRIMLARI SANAYİ VE TİCARET A.Ş.,KAFIF_VAR,2,15,2026-08-07,
BLCYT,4028e4a2413b80d1014144caf7b90037,BİLİCİ YATIRIM SANAYİ VE TİCARET A.Ş.,KAFIF_VAR,2,15,2026-08-07,
BLKOM,4028e4a14a5df521014b02a116c7424a,BİLKOM BİLİŞİM HİZMETLERİ A.Ş.,KAFIF_YOK,0,1,2026-08-07,
BLS/BLSMD,4028e4a2415f4f8401415ffac5a034a9,BULLS YATIRIM MENKUL DEĞERLER A.Ş.,MUAF_SORGULANMADI,0,0,2026-08-07,
BLUME,4028e4a240f2ef4c0140f2f8fdcd0002,BLUME METAL KİMYA A.Ş.,KAFIF_VAR,2,20,2026-08-07,
BMSCH,8acae2c56eccfc0c016f18f5b1e21747,BMS ÇELİK HASIR SANAYİ VE TİCARET A.Ş.,KAFIF_VAR,2,13,2026-08-07,
BMSTL,8acae2c47f7cb49201802bda6cbf6b77,BMS BİRLEŞİK METAL SANAYİ VE TİCARET A.Ş.,KAFIF_VAR,3,26,2026-08-07,
BNPPI,8acae2c486d22a3b018848b0fe6233c7,BNP PARIBAS ISSUANCE B.V.,KAFIF_YOK,0,50,2026-08-07,
BNTAS,402821824da3aa9b014ef2c4cda22947,BANTAŞ BANDIRMA AMBALAJ SANAYİ VE TİCARET A.Ş.,KAFIF_VAR,4,11,2026-08-07,
BOBET,8acae2c4782a4d560178d45481dc5948,BOĞAZİÇİ BETON SANAYİ VE TİCARET A.Ş.,KAFIF_VAR,3,10,2026-08-07,
BORLS,8acae2c486d22a3a018b03b5cfbe29b8,BORLEASE OTOMOTİV A.Ş.,KAFIF_VAR,3,22,2026-08-07,
BORSK,8acae2c58b2fa64e018d63bcd2684e71,BOR ŞEKER A.Ş.,KAFIF_VAR,4,16,2026-08-07,
BOSSA,4028e4a1415f4d9b014160053ed13d39,BOSSA TİCARET VE SANAYİ İŞLETMELERİ T.A.Ş.,KAFIF_VAR,2,11,2026-08-07,
BRGAN/BUR,4028e4a140ee35c70140ee3e44840009,BURGAN BANK A.Ş.,MUAF_SORGULANMADI,0,0,2026-08-07,
BRGFK,4028e4a241462fd8014155181e226ec8,BURGAN FİNANSAL KİRALAMA A.Ş.,MUAF_SORGULANMADI,0,0,2026-08-07,
BRISA,4028e4a140e95bea0140ee33bff201cd,BRİSA BRİDGESTONE SABANCI LASTİK SANAYİ VE TİCARET A.Ş.,KAFIF_VAR,4,36,2026-08-07,
BRKO,4028e4a240e95dc90140ee21c40601aa,BİRKO BİRLEŞİK KOYUNLULULAR MENSUCAT TİCARET VE SANAYİ A.Ş.,KAFIF_VAR,2,13,2026-08-07,
BRKSN,4028e4a1413b7ef4014144cf3f7b0075,BERKOSAN YALITIM VE TECRİT MADDELERİ ÜRETİM VE TİCARET A.Ş.,KAFIF_VAR,2,7,2026-08-07,
BRKT,8acae2c4508ff7260151497fffa30e9e,BEREKET VARLIK KİRALAMA A.Ş.,KAFIF_YOK,0,16,2026-08-07,
BRKVY,8acae2c562329bd10162b9ff7a6b53d6,BİRİKİM VARLIK YÖNETİM A.Ş.,MUAF_SORGULANMADI,0,0,2026-08-07,
BRLSM,8acae2c4794d3648017aa01a43690c1f,BİRLEŞİM MÜHENDİSLİK ISITMA SOĞUTMA HAVALANDIRMA SANAYİ VE TİCARET A.Ş.,KAFIF_VAR,2,9,2026-08-07,
BRMEN,4028e4a240e95dc90140ee243b5b01ba,BİRLİK MENSUCAT TİCARET VE SANAYİ İŞLETMESİ A.Ş.,KAFIF_VAR,2,17,2026-08-07,
BRSAN,4028e4a140f2ed7201412ac9ca5d06e6,BORUSAN BİRLEŞİK BORU FABRİKALARI SANAYİ VE TİCARET A.Ş.,KAFIF_VAR,2,24,2026-08-07,
BRYAT,4028e4a1415f4d9b0141603cd3904103,BORUSAN YATIRIM VE PAZARLAMA A.Ş.,KAFIF_VAR,2,10,2026-08-07,
BSOKE,4028e4a24158e42401415920fc3308c5,BATIÇİM ÇİMENTO SANAYİ A.Ş.,KAFIF_VAR,2,16,2026-08-07,
BTCIM,4028e4a140e95be70140ee07044700eb,BATIÇİM BATI ANADOLU SANAYİ VE TİCARET A.Ş.,KAFIF_VAR,2,16,2026-08-07,
BUCIM,4028e4a140ee35c00140ee41a5e4000f,BURSA ÇİMENTO FABRİKASI A.Ş.,KAFIF_VAR,2,21,2026-08-07,
BULGS,8acae2c47afb298b017ceaa8534b5036,BULLS GİRİŞİM SERMAYESİ YATIRIM ORTAKLIĞI A.Ş.,KAFIF_VAR,2,26,2026-08-07,
BURCE,4028e4a14158e41e01415b2636586ca7,BURÇELİK BURSA ÇELİK DÖKÜM SANAYİİ A.Ş.,KAFIF_VAR,2,18,2026-08-07,
BURVA,4028e4a14158e41e01415b2789266cb6,BURÇELİK VANA SANAYİ VE TİCARET A.Ş.,KAFIF_VAR,2,18,2026-08-07,
BVSAN,8acae2c5830502c30185dea8694c5722,BÜLBÜLOĞLU VİNÇ SANAYİ VE TİCARET A.Ş.,KAFIF_VAR,2,12,2026-08-07,
BYDNR,8acae2c586d22c510189de64baa92725,BAYDÖNER RESTORANLARI A.Ş.,KAFIF_VAR,3,20,2026-08-07,
CAGFA,4028e4a1486ec80a0148b0f695d4648d,ÇAĞDAŞ FAKTORİNG A.Ş.,MUAF_SORGULANMADI,0,0,2026-08-07,
CANTE,8acae2c578080f31017811f4dca6032d,ÇAN2 TERMİK A.Ş.,KAFIF_VAR,2,20,2026-08-07,
CASA,4028e4a240f2ef4c01413acf8cda06cc,CASA EMTİA PETROL KİMYEVİ VE TÜREVLERİ SANAYİ VE TİCARET A.Ş.,KAFIF_VAR,4,11,2026-08-07,
CATES,8acae2c58b2fa64e018bfaefef6b6fcd,ÇATES ELEKTRİK ÜRETİM A.Ş.,KAFIF_VAR,3,14,2026-08-07,
CCOLA,4028e4a140ee35c00140ee586bdd0034,COCA-COLA İÇECEK A.Ş.,KAFIF_VAR,2,19,2026-08-07,
CELHA,4028e4a240f2ef4c0141164dd92d044c,ÇELİK HALAT VE TEL SANAYİİ A.Ş.,KAFIF_VAR,2,31,2026-08-07,
CEMAS,4028e4a140f2ed7201413b14392508fb,ÇEMAŞ DÖKÜM SANAYİ A.Ş.,KAFIF_VAR,2,15,2026-08-07,
CEMTS,4028e4a140ee84900140f1f334ce0025,ÇEMTAŞ ÇELİK MAKİNA SANAYİ VE TİCARET A.Ş.,KAFIF_VAR,2,19,2026-08-07,
CEMZY,8acae2c49145e00b01918463cdec27bb,CEM ZEYTİN A.Ş.,KAFIF_VAR,2,21,2026-08-07,
CEOEM,8acae2c469cee2a20169ed8afa9112ee,CEO EVENT MEDYA A.Ş.,KAFIF_VAR,2,9,2026-08-07,
CGCAM,8acae2c59145e00e01939c2384406d96,ÇAĞDAŞ CAM SANAYİ VE TİCARET A.Ş.,KAFIF_VAR,3,14,2026-08-07,
CIMSA,4028e4a240ee866c0140f1f64bdb0014,ÇİMSA ÇİMENTO SANAYİ VE TİCARET A.Ş.,KAFIF_VAR,3,21,2026-08-07,
CLEBI,4028e4a140ee84900140f1f1584c0015,ÇELEBİ HAVA SERVİSİ A.Ş.,KAFIF_VAR,2,11,2026-08-07,
CLKMT,4028e4a1415f4d9b01416002f6573cff,ÇELİK MOTOR TİCARET A.Ş.,KAFIF_YOK,0,5,2026-08-07,
CMBTN,4028e4a24158e42401415ad0dece7d3a,ÇİMBETON HAZIRBETON VE PREFABRİK YAPI ELEMANLARI SANAYİ VE TİCARET A.Ş.,KAFIF_VAR,3,13,2026-08-07,
CMENT,4028e4a24158e42401415ad34c7f7db7,ÇİMENTAŞ İZMİR ÇİMENTO FABRİKASI T.A.Ş.,KAFIF_VAR,2,12,2026-08-07,
CMSAN,8acae2c4998f24d8019ad909b0f14c09,ÇAMSAN ENTEGRE AĞAÇ SANAYİ VE TİCARET A.Ş.,KAFIF_YOK,0,4,2026-08-07,
CONSE,8acae2c57f7cbb48018007c3ad6154d4,CONSUS ENERJİ İŞLETMECİLİĞİ VE HİZMETLERİ A.Ş.,KAFIF_VAR,2,15,2026-08-07,
COSMO,4028e4a24158e42401415ada104f7e44,COSMOS YATIRIM HOLDİNG A.Ş.,KAFIF_VAR,2,15,2026-08-07,
CRDFA,4028e4a141558bdd0141561c84700589,CREDITWEST FAKTORİNG A.Ş.,MUAF_SORGULANMADI,0,0,2026-08-07,
CRFSA,4028e4a140ee35c00140ee56930f0024,CARREFOURSA CARREFOUR SABANCI TİCARET MERKEZİ A.Ş.,KAFIF_VAR,2,23,2026-08-07,
CUSAN,8acae2c552495f6401529d6a45d10598,ÇUHADAROĞLU METAL SANAYİ VE PAZARLAMA A.Ş.,KAFIF_VAR,2,12,2026-08-07,
CVKMD,8acae2c586d22c510187381ba299429a,CVK MADEN İŞLETMELERİ SANAYİ VE TİCARET A.Ş.,KAFIF_VAR,3,14,2026-08-07,
CWENE,8acae2c56faf888c016fd6c2036e0a5d,CW ENERJİ MÜHENDİSLİK TİCARET VE SANAYİ A.Ş.,KAFIF_VAR,3,15,2026-08-07,
DAGI,4028e4a140f2ed7101411160c8c6020f,DAGİ GİYİM SANAYİ VE TİCARET A.Ş.,KAFIF_VAR,3,12,2026-08-07,
DAPGM,8acae2c47d3bee4e017ea0492b6a0595,DAP GAYRİMENKUL GELİŞTİRME A.Ş.,KAFIF_VAR,3,10,2026-08-07,
DARDL,4028e4a144a0804e014521a6ca1c0705,DARDANEL ÖNENTAŞ GIDA SANAYİ A.Ş.,KAFIF_VAR,4,20,2026-08-07,
DCTTR,8acae2c48c3efac00190dade5a963277,DCT TRADİNG DIŞ TİCARET A.Ş.,KAFIF_VAR,3,43,2026-08-07,
DENFA,4028e4a140f2ed71014117912e3102bf,DENİZ FAKTORİNG A.Ş.,MUAF_SORGULANMADI,0,0,2026-08-07,
DENGE,4028e4a240ee866c0140f1f80b55002b,DENGE YATIRIM HOLDİNG A.Ş.,KAFIF_VAR,5,21,2026-08-07,
DENVA,8acae2c56d759b01016df39c37ac2af9,DENGE VARLIK YÖNETİM A.Ş.,MUAF_SORGULANMADI,0,0,2026-08-07,
DERHL,8acae2c469cee2a4016a5492160c43c3,DERLÜKS YATIRIM HOLDİNG A.Ş.,KAFIF_VAR,2,17,2026-08-07,
DERIM,4028e4a140f2ed710141116818390237,DERİMOD KONFEKSİYON AYAKKABI DERİ SANAYİ VE TİCARET A.Ş.,KAFIF_VAR,3,8,2026-08-07,
DESA,4028e4a240ee866c0140f1fe48fa0070,DESA DERİ SANAYİ VE TİCARET A.Ş.,KAFIF_VAR,3,16,2026-08-07,
DESPC,4028e4a2416e697d01416ea9d5741424,DESPEC BİLGİSAYAR PAZARLAMA VE TİCARET A.Ş.,KAFIF_VAR,2,12,2026-08-07,
DEVA,4028e4a140f2ed710141116ab1d60241,DEVA HOLDİNG A.Ş.,KAFIF_VAR,2,22,2026-08-07,
DFKTR,4028e4a141462dfe01414b0e029d286f,DORUK FAKTORİNG A.Ş.,MUAF_SORGULANMADI,0,0,2026-08-07,
DGATE,4028e4a2416e697d01416eabc02d14f8,DATAGATE BİLGİSAYAR MALZEMELERİ TİCARET A.Ş.,KAFIF_VAR,2,12,2026-08-07,
DGGYO,4028e4a140e8cfa00140e9497d32002f,DOĞUŞ GAYRİMENKUL YATIRIM ORTAKLIĞI A.Ş.,KAFIF_VAR,2,12,2026-08-07,
DGNMO,4028e4a240f27df70140f2eae68c0032,DOĞANLAR MOBİLYA GRUBU İMALAT SANAYİ VE TİCARET A.Ş.,KAFIF_VAR,2,12,2026-08-07,
DGRVK,8acae2c575a1b5b60176707955d239ff,DEĞER VARLIK KİRALAMA A.Ş.,KAFIF_YOK,0,22,2026-08-07,
DIMES,01575ca846a34134b5c6bb879b7d0bc4,DİMES GIDA SANAYİ VE TİCARET A.Ş.,BOS_SONUC,0,0,2026-08-07,
DIRIT,4028e4a24158e42201415afbaa14606c,DİRİTEKS DİRİLİŞ TEKSTİL SANAYİ VE TİCARET A.Ş.,KAFIF_VAR,2,7,2026-08-07,
DITAS,4028e4a140f2ed710141179798bb02ed,DİTAŞ BDY YEDEK PARÇA İMALAT VE TEKNİK A.Ş.,KAFIF_VAR,3,26,2026-08-07,
DKVRL,8acae2c5991b90af01992916f11d02c7,DK VARLIK KİRALAMA A.Ş.,KAFIF_YOK,0,27,2026-08-07,
DMD/DSYAT,fb4e3f58d05d4f01a5f15679e90748e9,DESTEK YATIRIM MENKUL DEĞERLER A.Ş.,MUAF_SORGULANMADI,0,0,2026-08-07,
DMLKT,8acae2c494bafc93019837471b7c2e6f,EMLAK KONUT DAMLA KENT GMS,KAFIF_YOK,0,25,2026-08-07,
DMRGD,8acae2c486d22a3b018a97c880c913d6,DMR UNLU MAMULLER ÜRETİM GIDA TOPTAN PERAKENDE İHRACAT A.Ş.,KAFIF_VAR,2,16,2026-08-07,
DMSAS,4028e4a240f2ef4c0140f326817e0041,DEMİSAŞ DÖKÜM EMAYE MAMÜLLERİ SANAYİ A.Ş.,KAFIF_VAR,2,14,2026-08-07,
DNFIN,4028e4a140f2ed7101411793bae502d5,DENİZ FİNANSAL KİRALAMA A.Ş.,MUAF_SORGULANMADI,0,0,2026-08-07,
DNISI,8acae2c473646c5e017410b3f4b16fae,DİNAMİK ISI MAKİNA YALITIM MALZEMELERİ SANAYİ VE TİCARET A.Ş.,KAFIF_VAR,2,6,2026-08-07,
DNYVA,8acae2c569cee403016b991858035a54,DÜNYA VARLIK YÖNETİM A.Ş.,MUAF_SORGULANMADI,0,0,2026-08-07,
DNZEN,8acae2c4998f24d8019abf7bb7eb4396,DENİZ EKO ENERJİ VE GERİ DÖNÜŞÜM A.Ş.,KAFIF_YOK,0,5,2026-08-07,
DOAS,4028e4a240e8d16e0140e951bf04007b,DOĞUŞ OTOMOTİV SERVİS VE TİCARET A.Ş.,KAFIF_YOK,0,11,2026-08-07,
DOCO,1DE05DAA82B4073AE0530A4A622A2EBD,DO & CO AKTIENGESELLSCHAFT,BOS_SONUC,0,0,2026-08-07,
DOFER,8acae2c486d22a3a018b03b62cd429bd,DOFER YAPI MALZEMELERİ SANAYİ VE TİCARET A.Ş.,KAFIF_VAR,4,28,2026-08-07,
DOFRB,8acae2c494bafc930198f4d3cccb4dbb,DOF ROBOTİK SANAYİ A.Ş.,KAFIF_VAR,3,69,2026-08-07,
DOGUB,4028e4a141e536460141ee618a972cf0,DOĞUSAN BORU SANAYİ VE TİCARET A.Ş.,KAFIF_VAR,5,16,2026-08-07,
DOGVY,8acae2c469cee2a4016a2aff6ed42fb3,DOĞRU VARLIK YÖNETİM A.Ş.,MUAF_SORGULANMADI,0,0,2026-08-07,
DOHOL,4028e4a141462df201414ff732983087,DOĞAN ŞİRKETLER GRUBU HOLDİNG A.Ş.,KAFIF_VAR,2,17,2026-08-07,
DOKTA,4028e4a241558bd9014155c9b19e03b7,DÖKTAŞ DÖKÜMCÜLÜK TİCARET VE SANAYİ A.Ş.,KAFIF_VAR,2,8,2026-08-07,
DRPHN,8acae2c482b7ea0b0182d608977f0ba7,T.C. HAZİNE VE MALİYE BAKANLIĞI DARPHANE VE DAMGA MATBAASI GENEL MÜDÜRLÜĞÜ,KAFIF_YOK,0,30,2026-08-07,
DSTKF,4028e4a1415f4d9b01415fe0caa830df,DESTEK FİNANS FAKTORİNG A.Ş.,MUAF_SORGULANMADI,0,0,2026-08-07,
DUNYH,4028e4a141733b51014173e7419c13f1,DÜNYA HOLDİNG A.Ş.,KAFIF_VAR,2,16,2026-08-07,
DURDO,4028e4a141effedc0141fe14e2b41807,DURAN DOĞAN BASIM VE AMBALAJ SANAYİ A.Ş.,KAFIF_VAR,2,12,2026-08-07,
DURKN,8acae2c49145e00d0191c6164e8e4aca,DURUKAN ŞEKERLEME SANAYİ VE TİCARET A.Ş.,KAFIF_VAR,3,25,2026-08-07,
DVRLK,8acae2c49145e00b01928aa470dd5fda,D VARLIK KİRALAMA A.Ş.,KAFIF_YOK,0,22,2026-08-07,
DYBNK,8acae2c4757dba8c01759d4015520c73,D YATIRIM BANKASI A.Ş.,MUAF_SORGULANMADI,0,0,2026-08-07,
DYOBY,4028e4a140e8cf9d0140e95835a30033,DYO BOYA FABRİKALARI SANAYİ VE TİCARET A.Ş.,KAFIF_VAR,2,15,2026-08-07,
DZGYO,4028e4a240ee866c0140f1fad94e0047,DENİZ GAYRİMENKUL YATIRIM ORTAKLIĞI A.Ş.,KAFIF_VAR,2,21,2026-08-07,
EBEBK,8acae2c586d22c51018a2b6c8f5963cd,EBEBEK MAĞAZACILIK A.Ş.,KAFIF_VAR,2,28,2026-08-07,
ECILC,4028e4a1415f4d99014160034b683108,EİS ECZACIBAŞI İLAÇ SINAİ VE FİNANSAL YATIRIMLAR SANAYİ VE TİCARET A.Ş.,KAFIF_VAR,2,10,2026-08-07,
ECOGR,8acae2c5991b90af019975bc2a6c244d,ECOGREEN ENERJİ HOLDİNG A.Ş.,KAFIF_VAR,1,76,2026-08-07,
ECZIP,4028e4a2462cc71d014694521292040f,EİP ECZACIBAŞI İLAÇ PAZARLAMA A.Ş.,KAFIF_YOK,0,3,2026-08-07,
ECZYT,4028e4a1415f4d9901416012a278321f,ECZACIBAŞI YATIRIM HOLDİNG ORTAKLIĞI A.Ş.,KAFIF_VAR,2,7,2026-08-07,
EDATA,8acae2c47902e75101792325d43f2419,E-DATA TEKNOLOJİ PAZARLAMA A.Ş.,KAFIF_VAR,2,19,2026-08-07,
EDIP,4028e4a240e95dc90140ecc568850014,EDİP GAYRİMENKUL YATIRIM SANAYİ VE TİCARET A.Ş.,KAFIF_VAR,2,7,2026-08-07,
EFOR,8acae2c5819d0efb0182923c4c307fbf,EFOR YATIRIM SANAYİ TİCARET A.Ş.,KAFIF_VAR,2,41,2026-08-07,
EGEEN,1DE05DAA8254073AE0530A4A622A2EBD,EGE ENDÜSTRİ VE TİCARET A.Ş.,KAFIF_VAR,2,31,2026-08-07,
EGEGY,8acae2c59145e00e019406e89bc4222c,EGEYAPI AVRUPA GAYRİMENKUL YATIRIM ORTAKLIĞI A.Ş.,KAFIF_VAR,3,36,2026-08-07,
EGEPO,8acae2c4794d3648017a9fceecca0bad,NASMED ÖZEL SAĞLIK HİZMETLERİ TİCARET A.Ş.,KAFIF_VAR,4,10,2026-08-07,
EGGUB,4028e4a2422d9a78014304d729e3673d,EGE GÜBRE SANAYİİ A.Ş.,KAFIF_VAR,2,9,2026-08-07,
EGPRO,4028e4a240f2ef4701413a5c97b805ea,EGE PROFİL TİCARET VE SANAYİ A.Ş.,KAFIF_VAR,2,13,2026-08-07,
EGSER,4028e4a1415f4d9b01415ff0ece83aa8,EGE SERAMİK SANAYİ VE TİCARET A.Ş.,KAFIF_VAR,2,7,2026-08-07,
EKDMR,4028e4a241558bd9014155d8e91505c8,EKİNCİLER DEMİR VE ÇELİK SANAYİ A.Ş.,KAFIF_VAR,1,36,2026-08-07,
EKER,1af4bb0512df41c599b6ff93a4468ac5,EKER SÜT ÜRÜNLERİ GIDA SANAYİ VE TİCARET A.Ş.,KAFIF_YOK,0,5,2026-08-07,
EKGYO,4028e4a2422d9a780142513cda5b232e,EMLAK KONUT GAYRİMENKUL YATIRIM ORTAKLIĞI A.Ş.,KAFIF_VAR,3,200,2026-08-07,
EKIM,4028e4a141da49e50141dad016780396,EKİM TURİZM TİCARET VE SANAYİ A.Ş.,KAFIF_YOK,0,18,2026-08-07,
EKIZ,4028e4a240e95dc30140ed19d1b80064,EKİZ KİMYA SANAYİ VE TİCARET A.Ş.,KAFIF_VAR,2,9,2026-08-07,
EKOFA,4028e4a1420a2d8001420d4c56f30c2e,EKO FAKTORİNG A.Ş.,MUAF_SORGULANMADI,0,0,2026-08-07,
EKOS,8acae2c48b2fa25a018bb9a255865895,EKOS TEKNOLOJİ VE ELEKTRİK A.Ş.,KAFIF_VAR,3,21,2026-08-07,
EKSUN,8acae2c48304fe9c0186ca8287b67657,EKSUN GIDA TARIM SANAYİ VE TİCARET A.Ş.,KAFIF_VAR,3,11,2026-08-07,
EKTVK,8acae2c56faf888c017139d3005854da,EMLAK KATILIM VARLIK KİRALAMA A.Ş.,KAFIF_YOK,0,21,2026-08-07,
ELITE,8acae2c4794d364a017aa049a089099f,ELİTE NATUREL ORGANİK GIDA SANAYİ VE TİCARET A.Ş.,KAFIF_VAR,2,9,2026-08-07,
EMIRV,8acae2c569cee403016bfffc3245069f,EMİR VARLIK YÖNETİM A.Ş.,MUAF_SORGULANMADI,0,0,2026-08-07,
EMKEL,4028e4a241a25fcb0141a289218b0302,EMEK ELEKTRİK ENDÜSTRİSİ A.Ş.,KAFIF_VAR,2,18,2026-08-07,
EMNIS,4028e4a241e538ab0141ef8f97934765,EMİNİŞ AMBALAJ SANAYİ VE TİCARET A.Ş.,KAFIF_VAR,2,4,2026-08-07,
EMPAE,8acae2c562329bd101626c30f98c1590,EMPA ELEKTRONİK SANAYİ VE TİCARET A.Ş.,KAFIF_VAR,1,34,2026-08-07,
EMVAR,8acae2c56cc265e9016d204e39f71dbc,EMLAK VARLIK KİRALAMA A.Ş.,KAFIF_YOK,0,64,2026-08-07,
ENDAE,8acae2c49145e00b01949751383218b4,ENDA ENERJİ HOLDİNG A.Ş.,KAFIF_VAR,2,21,2026-08-07,
ENERY,4028e4a241733d4201417937d4337e22,ENERYA ENERJİ A.Ş.,KAFIF_VAR,2,18,2026-08-07,
ENJSA,4028e4a1422d98690142bceaa31957cf,ENERJİSA ENERJİ A.Ş.,KAFIF_VAR,2,20,2026-08-07,
ENKAI,4028e4a240e95dc90140ed3883fe0093,ENKA İNŞAAT VE SANAYİ A.Ş.,KAFIF_VAR,2,13,2026-08-07,
ENPRA,8acae2c49145e00d01929fc2fbc85d02,ENPARA BANK A.Ş.,MUAF_SORGULANMADI,0,0,2026-08-07,
ENSRI,8acae2c47d3bee50017f77c935000e69,ENSARİ SINAİ YATIRIMLAR A.Ş.,KAFIF_VAR,2,14,2026-08-07,
ENTRA,8acae2c48c3efabf018e64e77b5d3e77,IC ENTERRA YENİLENEBİLİR ENERJİ A.Ş.,KAFIF_VAR,2,16,2026-08-07,
EPLAS,4028e4a14158e41e01415aa30e206011,EGEPLAST EGE PLASTİK TİCARET VE SANAYİ A.Ş.,KAFIF_VAR,2,13,2026-08-07,
ERBOS,4028e4a14184e9cf01419c006da45a78,ERBOSAN ERCİYAS BORU SANAYİ VE TİCARET A.Ş.,KAFIF_VAR,1,6,2026-08-07,
ERCB,2af53003ee3c4464b0b653225816518d,ERCİYAS ÇELİK BORU SANAYİ A.Ş.,KAFIF_VAR,2,20,2026-08-07,
EREGL,4028e4a240e95dc90140ede4c12a0133,EREĞLİ DEMİR VE ÇELİK FABRİKALARI T.A.Ş.,KAFIF_VAR,2,12,2026-08-07,
ERGLI,4028e4a24337209001434898a6893468,EREĞLİ TEKSTİL TURİZM SANAYİ VE TİCARET A.Ş.,KAFIF_YOK,0,2,2026-08-07,
ERSU,4028e4a140f2ed7201411160fbeb057e,ERSU MEYVE VE GIDA SANAYİ A.Ş.,KAFIF_VAR,2,9,2026-08-07,
ESCAR,8acae2c4782a4d560178f8929f486aed,ESCAR FİLO KİRALAMA HİZMETLERİ A.Ş.,KAFIF_VAR,2,23,2026-08-07,
ESCOM,4028e4a142140a8d01421437e3fb036a,ESCORT TEKNOLOJİ YATIRIM A.Ş.,KAFIF_VAR,3,6,2026-08-07,
ESEN,8acae2c57436079f0174486159f4072f,ESENBOĞA ELEKTRİK ÜRETİM A.Ş.,KAFIF_VAR,3,25,2026-08-07,
ETILR,4028e4a240f2ef4701413b24736d0655,ETİLER GIDA VE TİCARİ YATIRIMLAR SANAYİ VE TİCARET A.Ş.,KAFIF_VAR,2,18,2026-08-07,
ETYAT,4028e4a240e95dc30140edba6a660099,EURO TREND YATIRIM ORTAKLIĞI A.Ş.,KAFIF_YOK,0,70,2026-08-07,
EUHOL,4028e4a240e95dc30140edbd5ca900a3,EURO YATIRIM HOLDİNG A.Ş.,KAFIF_YOK,0,12,2026-08-07,
EUKYO,4028e4a140e95bea0140ed45272800bb,EURO KAPİTAL YATIRIM ORTAKLIĞI A.Ş.,KAFIF_YOK,0,71,2026-08-07,
EUPWR,8acae2c486d22a3b01875b5644ea61c4,EUROPOWER ENERJİ VE OTOMASYON TEKNOLOJİLERİ SANAYİ TİCARET A.Ş.,KAFIF_VAR,2,7,2026-08-07,
EUREN,8acae2c580e91030018105632b470bcd,EUROPEN ENDÜSTRİ İNŞAAT SANAYİ VE TİCARET A.Ş.,KAFIF_VAR,2,9,2026-08-07,
EUYO,4028e4a240e95dc90140ed419b5d00a4,EURO MENKUL KIYMET YATIRIM ORTAKLIĞI A.Ş.,MUAF_SORGULANMADI,0,0,2026-08-07,
EXIMB/THR,1DE05DAA8430073AE0530A4A622A2EBD,TÜRKİYE İHRACAT KREDİ BANKASI A.Ş.,MUAF_SORGULANMADI,0,0,2026-08-07,
EYGYO,8acae2c48304fe9c01843d2398a50797,EYG GAYRİMENKUL YATIRIM ORTAKLIĞI A.Ş.,KAFIF_VAR,3,23,2026-08-07,
FADE,8acae2c46e7fdc6d016f85a87ec9674e,FADE GIDA YATIRIM SANAYİ TİCARET A.Ş.,KAFIF_VAR,2,7,2026-08-07,
FAIRF,8acae2c5991b90af019961c939bd1e63,FAİR FİNANSMAN A.Ş.,KAFIF_YOK,0,2,2026-08-07,
FBB/FBBNK,1DE05DAA820D073AE0530A4A622A2EBD,FİBABANKA A.Ş.,MUAF_SORGULANMADI,0,0,2026-08-07,
FENER,4028e4a240e95dc90140ede7351a013d,FENERBAHÇE FUTBOL A.Ş.,KAFIF_VAR,2,24,2026-08-07,
FIGOF,4028e4a141733b51014174353d302167,FİGO FİNANS FAKTORİNG A.Ş.,MUAF_SORGULANMADI,0,0,2026-08-07,
FIN/QNBTR,4028e4a240e95dc90140ee076f400178,QNB BANK A.Ş.,MUAF_SORGULANMADI,0,0,2026-08-07,
FKPET,8acae2c59b85fa03019c74a8114c4f4c,FİKRET PETROL ÜRÜNLERİ PAZARLAMA SANAYİ VE TİCARET A.Ş.,KAFIF_YOK,0,6,2026-08-07,
FLAP,4028e4a141558bdd01415620c00705ad,FLAP KONGRE TOPLANTI HİZMETLERİ OTOMOTİV VE TURİZM A.Ş.,KAFIF_VAR,2,7,2026-08-07,
FMIZP,4028e4a240f2ef4701410bb5cdab01cf,FEDERAL MOGUL İZMİT PİSTON VE PİM ÜRETİM TESİSLERİ A.Ş.,KAFIF_VAR,3,11,2026-08-07,
FONET,8acae2c55a980119015b435875566776,FONET BİLGİ TEKNOLOJİLERİ A.Ş.,KAFIF_VAR,2,13,2026-08-07,
FORMT,8acae2c562329bd101633953d02b0477,FORMET METAL VE CAM SANAYİ A.Ş.,KAFIF_VAR,3,24,2026-08-07,
FORTE,8acae2c47f7cb492018094784f6f309a,FORTE BİLGİ İLETİŞİM TEKNOLOJİLERİ VE SAVUNMA SANAYİ A.Ş.,KAFIF_VAR,4,22,2026-08-07,
FRIGO,4028e4a1415f4d9b01415fee1db939f4,FRİGO-PAK GIDA MADDELERİ SANAYİ VE TİCARET A.Ş.,KAFIF_VAR,3,21,2026-08-07,
FRMPL,8acae2c5998f25d7019b732d9c623a64,FORMÜL PLASTİK VE METAL SANAYİ A.Ş.,KAFIF_VAR,1,43,2026-08-07,
FROTO,4028e4a140f2ed71014106890fae0138,FORD OTOMOTİV SANAYİ A.Ş.,KAFIF_VAR,2,20,2026-08-07,
FZLGY,8acae2c586d22c530189534dc2624568,FUZUL GAYRİMENKUL YATIRIM ORTAKLIĞI A.Ş.,KAFIF_VAR,2,49,2026-08-07,
GARAN/TGB,4028e4a140f2ed720140f37cb2a601b7,TÜRKİYE GARANTİ BANKASI A.Ş.,MUAF_SORGULANMADI,0,0,2026-08-07,
GARFA,4028e4a240e95dc90140ee1ab24b0189,GARANTİ FAKTORİNG A.Ş.,MUAF_SORGULANMADI,0,0,2026-08-07,
GARFL,4028e4a240f2ef4c01413a53aa850684,GARANTİ BBVA OPERASYONEL KİRALAMA HİZMETLERİ A.Ş.,KAFIF_YOK,0,15,2026-08-07,
GATEG,402821824bf524dd014c27907cd65b79,GATE GROUP TEKNOLOJİ MEDYA VE SİBER GÜVENLİK HİZMETLERİ A.Ş.,KAFIF_YOK,0,9,2026-08-07,
GEDIK,4028e4a140e95bea0140ee1edd700174,GEDİK YATIRIM MENKUL DEĞERLER A.Ş.,MUAF_SORGULANMADI,0,0,2026-08-07,
GEDZA,4028e4a14158e41e01415b2a655f6cca,GEDİZ AMBALAJ SANAYİ VE TİCARET A.Ş.,KAFIF_VAR,3,8,2026-08-07,
GENIL,8acae2c5794d3d6a017a89f2678a1118,GEN İLAÇ VE SAĞLIK ÜRÜNLERİ SANAYİ VE TİCARET A.Ş.,KAFIF_VAR,3,22,2026-08-07,
GENKM,8acae2c49c81f746019c9a20ca2419a9,GENTAŞ KİMYA SANAYİ VE TİCARET PAZARLAMA A.Ş.,KAFIF_YOK,0,35,2026-08-07,
GENTS,4028e4a2416e696c01416f1e03364c9d,GENTAŞ DEKORATİF YÜZEYLER SANAYİ VE TİCARET A.Ş.,KAFIF_VAR,2,11,2026-08-07,
GEREL,4028e4a14158e41e01415aaad2ae618b,GERSAN ELEKTRİK TİCARET VE SANAYİ A.Ş.,KAFIF_VAR,2,11,2026-08-07,
GESAN,8acae2c4794d364a017af66863e41bae,GİRİŞİM ELEKTRİK SANAYİ TAAHHÜT VE TİCARET A.Ş.,KAFIF_VAR,2,7,2026-08-07,
GGBVK,8acae2c5830502c2018451afb35c132d,GOLDEN GLOBAL VARLIK KİRALAMA A.Ş.,KAFIF_YOK,0,14,2026-08-07,
GIPTA,8acae2c486d22a3a018a5106156c5c3d,GIPTA OFİS KIRTASİYE VE PROMOSYON ÜRÜNLERİ İMALAT SANAYİ A.Ş.,KAFIF_VAR,3,16,2026-08-07,
GLB/GLBMD,4028e4a140e95bea0140ee21b10d0188,GLOBAL MENKUL DEĞERLER A.Ş.,MUAF_SORGULANMADI,0,0,2026-08-07,
GLCVY,8acae2c465a51c3801683c2840c516cb,GELECEK VARLIK YÖNETİMİ A.Ş.,MUAF_SORGULANMADI,0,0,2026-08-07,
GLRMK,4028e4a1416e696301416f392897603f,GÜLERMAK AĞIR SANAYİ İNŞAAT VE TAAHHÜT A.Ş.,KAFIF_VAR,2,20,2026-08-07,
GLRYH,4028e4a240f2ef4c01410cf733f303d9,GÜLER YATIRIM HOLDİNG A.Ş.,KAFIF_VAR,2,14,2026-08-07,
GLYHO,4028e4a140e95bea0140ee24416e0197,GLOBAL YATIRIM HOLDİNG A.Ş.,KAFIF_VAR,3,12,2026-08-07,
GMTAS,a3ff494df37b408aa9088106fe98f59e,GİMAT MAĞAZACILIK SANAYİ VE TİCARET A.Ş.,KAFIF_VAR,3,11,2026-08-07,
GOKNR,4028e4a1462cc5dd0146673d70055928,GÖKNUR GIDA MADDELERİ ENERJİ İMALAT İTHALAT İHRACAT TİCARET VE SANAYİ A.Ş.,KAFIF_VAR,3,14,2026-08-07,
GOLDA,4028e4a244a081800145b2cb692413b4,GOLDA GIDA SANAYİ VE TİCARET A.Ş.,KAFIF_YOK,0,42,2026-08-07,
GOLTS,4028e4a140e95be70140ee27ccd40129,GÖLTAŞ GÖLLER BÖLGESİ ÇİMENTO SANAYİ VE TİCARET A.Ş.,KAFIF_VAR,2,11,2026-08-07,
GOODY,4028e4a140f2ed7101412bfc6f340359,GOODYEAR LASTİKLERİ T.A.Ş.,KAFIF_VAR,2,17,2026-08-07,
GOZDE,4028e4a24158e42201415b0210ba60ef,GÖZDE GİRİŞİM SERMAYESİ YATIRIM ORTAKLIĞI A.Ş.,KAFIF_VAR,2,13,2026-08-07,
GRM/GRYAT,4028e4a141da49e50141e08580772b86,GARANTİ YATIRIM MENKUL KIYMETLER A.Ş.,MUAF_SORGULANMADI,0,0,2026-08-07,
GRNYO,4028e4a240f2ef470141271e9d5104d3,GARANTİ YATIRIM ORTAKLIĞI A.Ş.,KAFIF_YOK,0,66,2026-08-07,
GRSEL,8acae2c47d3bee50017f2c2fc65150e6,GÜR-SEL TURİZM TAŞIMACILIK VE SERVİS TİCARET A.Ş.,KAFIF_VAR,3,19,2026-08-07,
GRTHO,8acae2c48304fe9c018466742a3b2960,GRAINTURK HOLDİNG A.Ş.,KAFIF_VAR,3,10,2026-08-07,
GSDDE,4028e4a140e95be70140ee2a7f39013b,GSD DENİZCİLİK GAYRİMENKUL İNŞAAT SANAYİ VE TİCARET A.Ş.,KAFIF_VAR,2,15,2026-08-07,
GSDHO,4028e4a140e95be70140ee2be54b014a,GSD HOLDİNG A.Ş.,KAFIF_VAR,2,19,2026-08-07,
GSIPD,8acae2c57afb2d71017d143527b66d28,GOLDMAN SACHS INTERNATIONAL,KAFIF_YOK,0,28,2026-08-07,
GSRAY,4028e4a14203278a0142095598f114ba,GALATASARAY SPORTİF SINAİ VE TİCARİ YATIRIMLAR A.Ş.,KAFIF_VAR,2,13,2026-08-07,
GUBRF,4028e4a241733d4a01417989f3760a4d,GÜBRE FABRİKALARI T.A.Ş.,KAFIF_VAR,2,18,2026-08-07,
GUNDG,8acae2c59145e00a019146a7cde301bc,GÜNDOĞDU GIDA SÜT ÜRÜNLERİ SANAYİ VE DIŞ TİCARET A.Ş.,KAFIF_VAR,2,23,2026-08-07,
GWIND,8acae2c46d7599a6016dee0b5aec36b2,GALATA WIND ENERJİ A.Ş.,KAFIF_VAR,2,15,2026-08-07,
GYVAR,8acae2c49c81f746019d5211d7a44714,GY VARLIK KİRALAMA A.Ş.,KAFIF_YOK,0,3,2026-08-07,
GZNMI,8acae2c47d3bee50017e3445b465578f,GEZİNOMİ SEYAHAT TURİZM TİCARET A.Ş.,KAFIF_VAR,3,22,2026-08-07,
HALKB/THL,1DE05DAA82C3073AE0530A4A622A2EBD,TÜRKİYE HALK BANKASI A.Ş.,MUAF_SORGULANMADI,0,0,2026-08-07,
HALKF,4028e4a240f2ef470140f39a7f7600b1,HALK FİNANSAL KİRALAMA A.Ş.,MUAF_SORGULANMADI,0,0,2026-08-07,
HALKI/HLY,4028e4a240f2ef4c01411654e5fc0479,HALK YATIRIM MENKUL DEĞERLER A.Ş.,MUAF_SORGULANMADI,0,0,2026-08-07,
HATEK,4028e4a141e536460141e5859f40059b,HATEKS HATAY TEKSTİL İŞLETMELERİ A.Ş.,KAFIF_VAR,2,6,2026-08-07,
HATSN,8acae2c586d22c51018a739bad647f5a,HAT-SAN GEMİ İNŞAA BAKIM ONARIM DENİZ NAKLİYAT SANAYİ VE TİCARET A.Ş.,KAFIF_VAR,2,10,2026-08-07,
HAYVK,8acae2c59145e00e0197bff60dc62a30,HAYAT VARLIK KİRALAMA A.Ş.,KAFIF_YOK,0,16,2026-08-07,
HDFFL,4028e4a246b4c5ad0147c4b464893865,HEDEF ARAÇ KİRALAMA VE SERVİS A.Ş.,KAFIF_YOK,0,6,2026-08-07,
HDFGS,4028e4a242140a9601422820b6da43f8,HEDEF GİRİŞİM SERMAYESİ YATIRIM ORTAKLIĞI A.Ş.,KAFIF_VAR,3,31,2026-08-07,
HDFVK,8acae2c58b2fa64e018e0edc8c8619eb,HEDEF VARLIK KİRALAMA A.Ş.,KAFIF_YOK,0,25,2026-08-07,
HDFYB/HYB,8acae2c48c3efabf018d10fc19010119,HEDEF YATIRIM BANKASI A.Ş.,MUAF_SORGULANMADI,0,0,2026-08-07,
HEDEF,8acae2c4794d3648017a8bd7bc0103df,HEDEF HOLDİNG A.Ş.,KAFIF_VAR,2,25,2026-08-07,
HEKTS,4028e4a140ee35c00140ee5d194a0055,HEKTAŞ TİCARET T.A.Ş.,KAFIF_VAR,2,31,2026-08-07,
HKTM,8acae2c5812b84a401816252165513b1,HİDROPAR HAREKET KONTROL TEKNOLOJİLERİ MERKEZİ SANAYİ VE TİCARET A.Ş.,KAFIF_VAR,2,15,2026-08-07,
HLGYO,4028e4a240ee37a30140ee53e47c0057,HALK GAYRİMENKUL YATIRIM ORTAKLIĞI A.Ş.,KAFIF_VAR,2,115,2026-08-07,
HLVKS,8acae2c45fc5ff9c016002b79772115e,HALK VARLIK KİRALAMA A.Ş.,KAFIF_YOK,0,57,2026-08-07,
HOROZ,8acae2c58b2fa64e018fabc0441664a1,HOROZ LOJİSTİK KARGO HİZMETLERİ VE TİCARET A.Ş.,KAFIF_VAR,2,20,2026-08-07,
HRKET,8acae2c48c3efabf018f632d8d082913,HAREKET PROJE TAŞIMACILIĞI VE YÜK MÜHENDİSLİĞİ A.Ş.,KAFIF_VAR,4,32,2026-08-07,
HTTBT,8acae2c57d3bf002017e016f30e442c6,HİTİT BİLGİSAYAR HİZMETLERİ A.Ş.,KAFIF_VAR,2,10,2026-08-07,
HUBVC,4028e4a240f2ef4c01413b59d12c0749,HUB GİRİŞİM SERMAYESİ YATIRIM ORTAKLIĞI A.Ş.,KAFIF_VAR,2,24,2026-08-07,
HUNER,8acae2c47d3bee4e017e347a3f5a5b1a,HUN YENİLENEBİLİR ENERJİ ÜRETİM A.Ş.,KAFIF_VAR,2,14,2026-08-07,
HURGZ,4028e4a140ee35c70140ee6408650041,HÜRRİYET GAZETECİLİK VE MATBAACILIK A.Ş.,KAFIF_VAR,2,8,2026-08-07,
HUZFA,4028e4a241558bd9014155ce6dec03e8,HUZUR FAKTORİNG A.Ş.,MUAF_SORGULANMADI,0,0,2026-08-07,
IAZ/INVAZ,4028e4a14184e9cf0141934f00662c2e,INVEST-AZ YATIRIM MENKUL DEĞERLER A.Ş.,MUAF_SORGULANMADI,0,0,2026-08-07,
ICB/ICBCT,4028e4a24158e42401415a700e104f3f,ICBC TURKEY BANK A.Ş.,MUAF_SORGULANMADI,0,0,2026-08-07,
ICUGS,4028e4a141e536460141e53ba7790052,ICU GİRİŞİM SERMAYESİ YATIRIM ORTAKLIĞI A.Ş.,KAFIF_VAR,4,14,2026-08-07,
IDGYO,4028e4a14184e9c901419d6d716e6b19,İDEALİST GAYRİMENKUL YATIRIM ORTAKLIĞI A.Ş.,KAFIF_VAR,3,15,2026-08-07,
IEYHO,4028e4a140f2ed7201410d315d200314,IŞIKLAR ENERJİ VE YAPI HOLDİNG A.Ş.,KAFIF_VAR,3,21,2026-08-07,
IHAAS,8acae2c57afb2d70017bdf2f5af067ed,İHLAS HABER AJANSI A.Ş.,KAFIF_VAR,2,6,2026-08-07,
IHEVA,4028e4a240ee37a30140ee7a98160079,İHLAS EV ALETLERİ İMALAT SANAYİ VE TİCARET A.Ş.,KAFIF_VAR,2,11,2026-08-07,
IHGZT,4028e4a140ee84900140f1f8d5bc003c,İHLAS GAZETECİLİK A.Ş.,KAFIF_VAR,2,10,2026-08-07,
IHLAS,4028e4a140ee84900140f1fbc6b1004f,İHLAS HOLDİNG A.Ş.,KAFIF_VAR,2,21,2026-08-07,
IHLGM,4028e4a141a25dcb0141a2a7a0060471,İHLAS GAYRİMENKUL PROJE GELİŞTİRME VE TİCARET A.Ş.,KAFIF_VAR,2,10,2026-08-07,
IHYAY,4028e4a140ee847b0140f205c4270035,İHLAS YAYIN HOLDİNG A.Ş.,KAFIF_VAR,2,12,2026-08-07,
IMASM,8acae2c47f7cb49201802cedfbb46d26,İMAŞ MAKİNA SANAYİ A.Ş.,KAFIF_VAR,2,12,2026-08-07,
INDES,4028e4a2416e697d01416ead8a0615a7,İNDEKS BİLGİSAYAR SİSTEMLERİ MÜHENDİSLİK SANAYİ VE TİCARET A.Ş.,KAFIF_VAR,2,13,2026-08-07,
INFO/IYF,4028e4a2416e696c01416edd30ca3148,İNFO YATIRIM MENKUL DEĞERLER A.Ş.,MUAF_SORGULANMADI,0,0,2026-08-07,
INGRM,4028e4a241462fd80141556f6a9308a2,INGRAM MİCRO BİLİŞİM SİSTEMLERİ A.Ş.,KAFIF_VAR,2,10,2026-08-07,
INTEK,402821824bf524dc014bff15df9f2027,İNNOSA TEKNOLOJİ A.Ş.,KAFIF_VAR,2,10,2026-08-07,
INTEM,4028e4a241e538b40141e572868704e7,İNTEMA İNŞAAT VE TESİSAT MALZEMELERİ YATIRIM VE PAZARLAMA A.Ş.,KAFIF_VAR,3,7,2026-08-07,
INVEO,4028e4a140f2ed7201413b67b22f0929,INVEO YATIRIM HOLDİNG A.Ş.,KAFIF_VAR,1,29,2026-08-07,
INVES,8acae2c47d3bee50017f0bbbbbfa3c0e,INVESTCO HOLDİNG A.Ş.,KAFIF_VAR,2,12,2026-08-07,
ISATR/ISBTR/ISCTR/ISKUR/TIB,4028e4a140f2ed7201411682b0cb05c6,TÜRKİYE İŞ BANKASI A.Ş.,MUAF_SORGULANMADI,0,0,2026-08-07,
ISBIR,4028e4a240f2ef4c0141017954a000b4,İŞBİR HOLDİNG A.Ş.,KAFIF_VAR,3,9,2026-08-07,
ISDMR,4028e4a2416e696c01416ee8eb7b3770,İSKENDERUN DEMİR VE ÇELİK A.Ş.,KAFIF_VAR,2,14,2026-08-07,
ISFAK,4028e4a2413b80ca01413bb4d2580033,İŞ FAKTORİNG A.Ş.,MUAF_SORGULANMADI,0,0,2026-08-07,
ISFIN,4028e4a140f2ed7101410d272d690188,İŞ FİNANSAL KİRALAMA A.Ş.,MUAF_SORGULANMADI,0,0,2026-08-07,
ISGSY,4028e4a240ee866c0140f273ea66014d,İŞ GİRİŞİM SERMAYESİ YATIRIM ORTAKLIĞI A.Ş.,KAFIF_VAR,2,19,2026-08-07,
ISGYO,4028e4a140f2ed7201412acbeb8b06f7,İŞ GAYRİMENKUL YATIRIM ORTAKLIĞI A.Ş.,KAFIF_VAR,2,73,2026-08-07,
ISKPL,8acae2c575a1b5b601770603623b7c43,IŞIK PLASTİK SANAYİ VE DIŞ TİCARET PAZARLAMA A.Ş.,KAFIF_VAR,2,12,2026-08-07,
ISMEN/IYM,4028e4a140f275530140f277aa100008,İŞ YATIRIM MENKUL DEĞERLER A.Ş.,MUAF_SORGULANMADI,0,0,2026-08-07,
ISSEN,8acae2c452495e0b0152ef57ae190f85,İŞBİR SENTETİK DOKUMA SANAYİ A.Ş.,KAFIF_VAR,2,9,2026-08-07,
ISTFK,4028e4a244a081810145d6e6f59b75cf,İSTANBUL FAKTORİNG A.Ş.,MUAF_SORGULANMADI,0,0,2026-08-07,
ISTVY,4028e4a142140a8c014222e455c72489,İSTANBUL VARLIK YÖNETİM A.Ş.,MUAF_SORGULANMADI,0,0,2026-08-07,
ISVEA,8acae2c59ee1b2d8019eff2b840a0df8,İSVEA SERAMİK VE BANYO ÜRÜNLERİ SANAYİ A.Ş.,KAFIF_YOK,0,23,2026-08-07,
ISYAT,4028e4a240ee866c0140f2710c33013d,İŞ YATIRIM ORTAKLIĞI A.Ş.,KAFIF_YOK,0,74,2026-08-07,
IZENR,8acae2c5534651ff0153612ea22a02ec,İZDEMİR ENERJİ ELEKTRİK ÜRETİM A.Ş.,KAFIF_VAR,2,11,2026-08-07,
IZFAS,4028e4a146b4c41301485f8c72095698,İZMİR FIRÇA SANAYİ VE TİCARET A.Ş.,KAFIF_VAR,2,13,2026-08-07,
IZINV,1DE05DAA82FC073AE0530A4A622A2EBD,İZ YATIRIM HOLDİNG A.Ş.,KAFIF_VAR,4,14,2026-08-07,
IZMDC,4028e4a140f275550140f27e319401ca,İZMİR DEMİR ÇELİK SANAYİ A.Ş.,KAFIF_VAR,2,14,2026-08-07,
JANTS,4028e4a240f2ef4c01413b1b57300719,JANTSA JANT SANAYİ VE TİCARET A.Ş.,KAFIF_VAR,3,13,2026-08-07,
KAPLM,4028e4a1416e696501416f314a3960dc,KAPLAMİN AMBALAJ SANAYİ VE TİCARET A.Ş.,KAFIF_VAR,3,19,2026-08-07,
KARCL,4028e4a1422d986901426b87f6a905e5,KARDEMİR ÇELİK SANAYİ A.Ş.,KAFIF_YOK,0,16,2026-08-07,
KAREL,4028e4a246b4c5a90147d42c754a6bba,KAREL ELEKTRONİK SANAYİ VE TİCARET A.Ş.,KAFIF_VAR,3,22,2026-08-07,
KARSN,4028e4a140f275530140f2e357a501f7,KARSAN OTOMOTİV SANAYİİ VE TİCARET A.Ş.,KAFIF_VAR,2,26,2026-08-07,
KARTN,4028e4a2416e697d01416e969af50d2e,KARTONSAN KARTON SANAYİ VE TİCARET A.Ş.,KAFIF_VAR,3,20,2026-08-07,
KATMR,4028e4a14184e9cf01419c001e945a74,KATMERCİLER ARAÇ ÜSTÜ EKİPMAN SANAYİ VE TİCARET A.Ş.,KAFIF_VAR,3,11,2026-08-07,
KATVK,8acae2c45835eb6501589126d8f220fc,KATILIM VARLIK KİRALAMA A.Ş.,KAFIF_YOK,0,39,2026-08-07,
KAYSE,4028e4a144a0804f0145a837a7ad0a66,KAYSERİ ŞEKER FABRİKASI A.Ş.,KAFIF_VAR,2,23,2026-08-07,
KBORU,8acae2c48b2fa259018c33b3ca910ba8,KUZEY BORU A.Ş.,KAFIF_VAR,2,9,2026-08-07,
KCAER,4028e4a2416f888d01416f9ea04a058f,KOCAER ÇELİK SANAYİ VE TİCARET A.Ş.,KAFIF_VAR,4,20,2026-08-07,
KCHOL,4028e4a140f2ed710140f2f4d6c70039,KOÇ HOLDİNG A.Ş.,KAFIF_VAR,2,22,2026-08-07,
KENT,4028e4a14184e9cf01419c41a8125db1,KENT GIDA MADDELERİ SANAYİİ VE TİCARET A.Ş.,KAFIF_VAR,2,17,2026-08-07,
KERVN,4028e4a1415f4d9901416004afc13142,KERVANSARAY YATIRIM HOLDİNG A.Ş.,KAFIF_VAR,2,6,2026-08-07,
KFEIN,8acae2c55835f84c015848477328085a,KAFEİN YAZILIM HİZMETLERİ TİCARET A.Ş.,KAFIF_VAR,2,39,2026-08-07,
KFILO,8acae2c4991b8c3201992881244b00c6,KAYATUR FİLO KİRALAMA A.Ş.,KAFIF_YOK,0,4,2026-08-07,
KGYO,4028e4a240f2ef4c0141176f57ca04a5,KORAY GAYRİMENKUL YATIRIM ORTAKLIĞI A.Ş.,KAFIF_VAR,2,28,2026-08-07,
KIMMR,8acae2c5794d3d6a01795f597b820707,ERSAN ALIŞVERİŞ HİZMETLERİ VE GIDA SANAYİ TİCARET A.Ş.,KAFIF_VAR,5,12,2026-08-07,
KLGYO,4028e4a2415f4f8101415f7009a809a2,KİLER GAYRİMENKUL YATIRIM ORTAKLIĞI A.Ş.,KAFIF_VAR,3,33,2026-08-07,
KLKIM,4028e4a144a0804f01452d35e88a3208,KALEKİM KİMYEVİ MADDELER SANAYİ VE TİCARET A.Ş.,KAFIF_VAR,2,11,2026-08-07,
KLMSN,4028e4a2416e696c01416f7763e874db,KLİMASAN KLİMA SANAYİ VE TİCARET A.Ş.,KAFIF_VAR,2,12,2026-08-07,
KLN/KLNMA,4028e4a14158e41e01415b2dc3476cf4,TÜRKİYE KALKINMA VE YATIRIM BANKASI A.Ş.,MUAF_SORGULANMADI,0,0,2026-08-07,
KLRHO,4028e4a1415f4d990141600b4b5331e2,KİLER HOLDİNG A.Ş.,KAFIF_VAR,2,23,2026-08-07,
KLSER,4028e4a140f275550140f285f6cf0246,KALESERAMİK ÇANAKKALE KALEBODUR SERAMİK SANAYİ A.Ş.,KAFIF_VAR,2,13,2026-08-07,
KLSYN,402821814da3a99c014f3b4e25ff608e,KOLEKSİYON MOBİLYA SANAYİ A.Ş.,KAFIF_VAR,4,40,2026-08-07,
KLVKS,8acae2c47afb298b017b638d20d840cd,KALKINMA YATIRIM VARLIK KİRALAMA A.Ş.,KAFIF_YOK,0,17,2026-08-07,
KLYPV,8acae2c494bafc930194bb236113010e,KALYON GÜNEŞ TEKNOLOJİLERİ ÜRETİM A.Ş.,KAFIF_VAR,2,18,2026-08-07,
KMPUR,8acae2c47d3bee4e017da32a238f235f,KİMTEKS POLİÜRETAN SANAYİ VE TİCARET A.Ş.,KAFIF_VAR,4,16,2026-08-07,
KNFRT,4028e4a140f2ed710140f2fc30bc006e,KONFRUT TARIM A.Ş.,KAFIF_VAR,2,12,2026-08-07,
KNTFA,4028e4a14184e9c901419d1119ca6579,KENT FİNANS FAKTORİNG A.Ş.,MUAF_SORGULANMADI,0,0,2026-08-07,
KOCFN,4028e4a140f2ed710140f2f251eb0026,KOÇ FİNANSMAN A.Ş.,KAFIF_YOK,0,13,2026-08-07,
KOCMT,4028e4a2416e696c01416f734ce273ad,KOÇ METALURJİ A.Ş.,KAFIF_VAR,2,21,2026-08-07,
KONKA,4028e4a244a08180014619dea2160482,KONYA KAĞIT SANAYİ VE TİCARET A.Ş.,KAFIF_VAR,2,16,2026-08-07,
KONTR,8acae2c5745d76320174c4879b101cb2,KONTROLMATİK TEKNOLOJİ ENERJİ VE MÜHENDİSLİK A.Ş.,KAFIF_VAR,3,29,2026-08-07,
KONYA,4028e4a140f2ed720140f3014c9400cf,KONYA ÇİMENTO SANAYİİ A.Ş.,KAFIF_VAR,2,9,2026-08-07,
KOPOL,8acae2c486d22a3b01873668ecf84494,KOZA POLYESTER SANAYİ VE TİCARET A.Ş.,KAFIF_VAR,4,8,2026-08-07,
KORDS,4028e4a140f2ed720140f30606a700ec,KORDSA TEKNİK TEKSTİL A.Ş.,KAFIF_VAR,2,17,2026-08-07,
KORTS,4028e4a140f2ed720140f2f4659e00bc,KORTEKS MENSUCAT SANAYİ VE TİCARET A.Ş.,KAFIF_YOK,0,7,2026-08-07,
KOTON,4028e4a2422d9a7801429a4cc3d64f41,KOTON MAĞAZACILIK TEKSTİL SANAYİ VE TİCARET A.Ş.,KAFIF_VAR,2,20,2026-08-07,
KPTGY,d21618f6aa554dd8a570f41dd0f46700,KAPİTAL GAYRİMENKUL YATIRIMI GELİŞTİRME VE İŞLETMECİLİK A.Ş.,KAFIF_YOK,0,1,2026-08-07,
KRDMA/KRDMB/KRDMD,4028e4a140f2ed7201412ace3ada0707,KARDEMİR KARABÜK DEMİR ÇELİK SANAYİ VE TİCARET A.Ş.,KAFIF_VAR,2,14,2026-08-07,
KRGYO,4028e4a244a081810146002d6e0c555f,KÖRFEZ GAYRİMENKUL YATIRIM ORTAKLIĞI A.Ş.,KAFIF_VAR,2,19,2026-08-07,
KRONT,4028e4a2415f4f8401415ffc858834e3,KRON TEKNOLOJİ A.Ş.,KAFIF_VAR,3,12,2026-08-07,
KRPLS,8acae2c47f7cb49101803bbfecdb76dd,KOROPLAST TEMİZLİK AMBALAJ ÜRÜNLERİ SANAYİ VE DIŞ TİCARET A.Ş.,KAFIF_VAR,2,12,2026-08-07,
KRSTL,4028e4a240f2ef4c0140f3180014001a,KRİSTAL KOLA VE MEŞRUBAT SANAYİ TİCARET A.Ş.,KAFIF_VAR,2,7,2026-08-07,
KRTEK,4028e4a240f2ef47014106bb724601b1,KARSU TEKSTİL SANAYİİ VE TİCARET A.Ş.,KAFIF_VAR,2,10,2026-08-07,
KRVGD,4028e4a246b4c5a90148127e32eb47e9,KERVAN GIDA SANAYİ VE TİCARET A.Ş.,KAFIF_VAR,2,37,2026-08-07,
KSFIN,4028e4a140f2ed710140f2f01f960011,KOÇ STELLANTİS FİNANSMAN A.Ş.,KAFIF_YOK,0,8,2026-08-07,
KSTUR,4028e4a141462df201414f97fa07221a,KUŞTUR KUŞADASI TURİZM ENDÜSTRİSİ A.Ş.,KAFIF_VAR,2,5,2026-08-07,
KTKVK,1DE05DAA8332073AE0530A4A622A2EBD,KT KİRA SERTİFİKALARI VARLIK KİRALAMA A.Ş.,KAFIF_YOK,0,4,2026-08-07,
KTLEV,8acae2c5830502c20185a9e2e5ac488b,KATILIMEVİM TASARRUF FİNANSMAN A.Ş.,KAFIF_YOK,0,14,2026-08-07,
KTSKR,8acae2c5794d3d66017a1e5a8bfb4e07,KÜTAHYA ŞEKER FABRİKASI A.Ş.,KAFIF_VAR,2,14,2026-08-07,
KTSVK,8acae2c45a97ffbc015b1e02e5033b72,KT SUKUK VARLIK KİRALAMA A.Ş.,KAFIF_YOK,0,149,2026-08-07,
KUTPO,4028e4a240f2ef4c014111cff01d0420,KÜTAHYA PORSELEN SANAYİ A.Ş.,KAFIF_VAR,3,14,2026-08-07,
KUVVA,4028e4a2422d9a6e01424699b9d061ec,KUVVA GIDA TİCARET VE SANAYİ YATIRIMLARI A.Ş.,KAFIF_VAR,2,13,2026-08-07,
KUYAS,4028e4a241a25fd60141a2bf974c04e8,KUYAŞ YATIRIM A.Ş.,KAFIF_VAR,2,11,2026-08-07,
KZBGY,8acae2c5794d3d66017aadf2b6b719cb,KIZILBÜK GAYRİMENKUL YATIRIM ORTAKLIĞI A.Ş.,KAFIF_VAR,2,16,2026-08-07,
KZGYO,8acae2c586d22c53018a02754e924a33,KUZUGRUP GAYRİMENKUL YATIRIM ORTAKLIĞI A.Ş.,KAFIF_VAR,2,19,2026-08-07,
LIDER,8acae2c5570aaa2b0157be3a3ef749af,LDR TURİZM A.Ş.,KAFIF_VAR,2,10,2026-08-07,
LIDFA,4028e4a141da49ea0141dfe0d2732d48,LİDER FAKTORİNG A.Ş.,MUAF_SORGULANMADI,0,0,2026-08-07,
LILAK,8acae2c48c3efac0018f193ab573372b,LİLA KAĞIT SANAYİ VE TİCARET A.Ş.,KAFIF_VAR,2,26,2026-08-07,
LINK,4028e4a2422d9a6e01428f2d3d020b61,LİNK BİLGİSAYAR SİSTEMLERİ YAZILIMI VE DONANIMI SANAYİ VE TİCARET A.Ş.,KAFIF_VAR,2,16,2026-08-07,
LKMNH,4028e4a24158e42401415f1d4417412e,LOKMAN HEKİM ENGÜRÜSAĞ SAĞLIK TURİZM EĞİTİM HİZMETLERİ VE İNŞAAT TAAHHÜT A.Ş.,KAFIF_VAR,2,15,2026-08-07,
LMKDC,8acae2c58b2fa64e018d8cfe461558d3,LİMAK DOĞU ANADOLU ÇİMENTO SANAYİ VE TİCARET A.Ş.,KAFIF_VAR,2,15,2026-08-07,
LOGO,4028e4a14158e41e01415b41210a6e8c,LOGO YAZILIM SANAYİ VE TİCARET A.Ş.,KAFIF_VAR,4,37,2026-08-07,
LRSHO,4028e4a140f2ed7101411799cb9b02fc,LORAS HOLDİNG A.Ş.,KAFIF_VAR,2,11,2026-08-07,
LUKSK,4028e4a140f2ed720140f31ed775014f,LÜKS KADİFE TİCARET VE SANAYİİ A.Ş.,KAFIF_VAR,4,9,2026-08-07,
LXGYO,8acae2c59b85fa03019c74a891e94f5d,LUXERA GAYRİMENKUL YATIRIM ORTAKLIĞI A.Ş.,KAFIF_YOK,0,40,2026-08-07,
LYDHO,4028e4a240f2ef4701411763ed38047c,LYDİA HOLDİNG A.Ş.,KAFIF_VAR,2,24,2026-08-07,
LYDYE,4028e4a241a25fcb0141a7c3f3302405,LYDİA YEŞİL ENERJİ KAYNAKLARI A.Ş.,KAFIF_VAR,2,22,2026-08-07,
MAALT,4028e4a140f2ed710141179bf0630308,MARMARİS ALTINYUNUS TURİSTİK TESİSLER A.Ş.,KAFIF_VAR,2,14,2026-08-07,
MACKO,8acae2c48304fe9e0183694124c82d0a,MACKOLİK İNTERNET HİZMETLERİ TİCARET A.Ş.,KAFIF_VAR,1,9,2026-08-07,
MAGEN,8acae2c47afb298a017bf270b76b78f1,MARGÜN ENERJİ ÜRETİM SANAYİ VE TİCARET A.Ş.,KAFIF_VAR,3,26,2026-08-07,
MAKIM,8acae2c57f7cbb49017f977f7f190949,MAKİM MAKİNA TEKNOLOJİLERİ SANAYİ VE TİCARET A.Ş.,KAFIF_VAR,2,34,2026-08-07,
MAKTK,4028e4a24158e42201415ad40fca5dd0,MAKİNA TAKIM ENDÜSTRİSİ A.Ş.,KAFIF_VAR,2,11,2026-08-07,
MANAS,8acae2c5794d3d660179f09f7061388a,MANAS ENERJİ YÖNETİMİ SANAYİ VE TİCARET A.Ş.,KAFIF_VAR,2,12,2026-08-07,
MARBL,8acae2c45835eb6501593a986e7e57f7,TUREKS TURUNÇ MADENCİLİK İÇ VE DIŞ TİCARET A.Ş.,KAFIF_VAR,2,9,2026-08-07,
MARKA,4028e4a140f2ed720141080991640264,MARKA YATIRIM HOLDİNG A.Ş.,KAFIF_VAR,1,27,2026-08-07,
MARMR,8acae2c5991b90b001993ca6c1951026,MARMARA HOLDİNG A.Ş.,KAFIF_VAR,1,15,2026-08-07,
MARTI,4028e4a1415f4d9b0141603d6cec410f,MARTI OTEL İŞLETMELERİ A.Ş.,KAFIF_YOK,0,14,2026-08-07,
MASFN,8acae2c49f52d9d8019f708c67a5106a,MASFEN ENERJİ A.Ş.,KAFIF_YOK,0,27,2026-08-07,
MAVI,4028e4a141733b5101417ea9aae11fec,MAVİ GİYİM SANAYİ VE TİCARET A.Ş.,KAFIF_VAR,2,8,2026-08-07,
MBFTR,4028e4a241733d420141744bc087317b,MERCEDES-BENZ FİNANSMAN TÜRK A.Ş.,BOS_SONUC,0,0,2026-08-07,
MCARD,8acae2c59c81f7f7019c98b19b8c0af5,METROPAL KURUMSAL HİZMETLER A.Ş.,KAFIF_YOK,0,24,2026-08-07,
MDASM/MDS,8acae2c4782a4d580178a723f5383685,MİDAS MENKUL DEĞERLER A.Ş.,MUAF_SORGULANMADI,0,0,2026-08-07,
MDIAZ,8acae2c49c81f743019d2defe3ba3d95,MEDİAZZ YENİ MEDYA VE TEKNOLOJİ YATIRIMLARI A.Ş.,KAFIF_YOK,0,2,2026-08-07,
MEDTR,8acae2c5794d3d6a017a1de13bf04ff2,MEDİTERA TIBBİ MALZEME SANAYİ VE TİCARET A.Ş.,KAFIF_VAR,2,46,2026-08-07,
MEGAP,4028e4a141e536460141ee602f162cdb,MEGA POLİETİLEN KÖPÜK SANAYİ VE TİCARET A.Ş.,KAFIF_YOK,0,5,2026-08-07,
MEGMT,8acae2c5594ca644015964a5bef50e57,MEGA METAL SANAYİ VE TİCARET A.Ş.,KAFIF_VAR,3,26,2026-08-07,
MEKAG,8acae2c586d22c51018adff79d0f2d15,MEKA GLOBAL MAKİNE İMALAT SANAYİ VE TİCARET A.Ş.,KAFIF_VAR,3,16,2026-08-07,
MEKMD/MSA,4028e4a24184e9e50141981faaf249d3,MEKSA YATIRIM MENKUL DEĞERLER A.Ş.,MUAF_SORGULANMADI,0,0,2026-08-07,
MEPET,4028e4a1416e696301416ea253f418ae,MEPET METRO PETROL VE TESİSLERİ SANAYİ TİCARET A.Ş.,KAFIF_VAR,2,15,2026-08-07,
MERCN,8acae2c4782a4d580178ee32b32864d5,MERCAN KİMYA SANAYİ VE TİCARET A.Ş.,KAFIF_VAR,3,11,2026-08-07,
MERIT,4028e4a140f2ed7101412b9f84390347,MERİT TURİZM YATIRIM VE İŞLETME A.Ş.,KAFIF_VAR,2,8,2026-08-07,
MERKO,4028e4a240f2ef4701412bf3fc980553,MERKO GIDA SANAYİ VE TİCARET A.Ş.,KAFIF_VAR,2,19,2026-08-07,
METEN,8acae2c49b85f8cf019c0470c53c6a68,METGÜN ENERJİ YATIRIMLARI A.Ş.,KAFIF_YOK,0,12,2026-08-07,
METRO,4028e4a1416e696301416e9a320e1649,METRO TİCARİ VE MALİ YATIRIMLAR HOLDİNG A.Ş.,KAFIF_VAR,1,14,2026-08-07,
MEYSU,8acae2c5998f25d7019b59665bd030f1,MEYSU GIDA SANAYİ VE TİCARET A.Ş.,KAFIF_VAR,1,56,2026-08-07,
MGROS,4028e4a141462df2014150162e1c3424,MİGROS TİCARET A.Ş.,KAFIF_VAR,2,14,2026-08-07,
MHRGY,8acae2c486d22a3a018b03ad439129a9,MHR GAYRİMENKUL YATIRIM ORTAKLIĞI A.Ş.,KAFIF_VAR,1,27,2026-08-07,
MIATK,8acae2c47afb298a017cbcef284245ba,MİA TEKNOLOJİ A.Ş.,KAFIF_VAR,2,15,2026-08-07,
MILKS,8acae2c59b85fa03019beb0e0c8b5999,MİLK ACADEMY SÜT ÜRÜNLERİ SANAYİ VE TİCARET A.Ş.,KAFIF_YOK,0,5,2026-08-07,
MINTF,8acae2c4998f24d8019a0586000256ef,MİNT FİNANSMAN A.Ş.,KAFIF_YOK,0,2,2026-08-07,
MMCAS,4028e4a1415f4d99014160040b8e3137,MMC SANAYİ VE TİCARİ YATIRIMLAR A.Ş.,KAFIF_VAR,1,7,2026-08-07,
MNDRS,4028e4a1422d986e01425bfb19b05165,MENDERES TEKSTİL SANAYİ VE TİCARET A.Ş.,KAFIF_VAR,2,12,2026-08-07,
MNDTR,4028e4a24158e42201415ae7c0875fab,MONDİ TURKEY OLUKLU MUKAVVA KAĞIT VE AMBALAJ SANAYİ A.Ş.,KAFIF_VAR,2,7,2026-08-07,
MNGFA,4028e4a141462df201414b08fe4e1287,MNG FAKTORİNG A.Ş.,MUAF_SORGULANMADI,0,0,2026-08-07,
MOBTL,8acae2c57afb2d70017d12c6d335669c,MOBİLTEL İLETİŞİM HİZMETLERİ SANAYİ VE TİCARET A.Ş.,KAFIF_VAR,3,17,2026-08-07,
MOGAN,8acae2c473646c5e0173e77f33b35138,MOGAN ENERJİ YATIRIM HOLDİNG A.Ş.,KAFIF_VAR,3,14,2026-08-07,
MOPAS,8acae2c49145e00d0194730c9f3e6d30,MOPAŞ MARKETÇİLİK GIDA SANAYİ VE TİCARET A.Ş.,KAFIF_VAR,2,15,2026-08-07,
MPARK,4028e4a1462cc5dd01465c9550782baa,MLP SAĞLIK HİZMETLERİ A.Ş.,KAFIF_VAR,2,18,2026-08-07,
MRBAS/MRS,4028e4a140f2ed7101413af95c8c047c,MARBAŞ MENKUL DEĞERLER A.Ş.,MUAF_SORGULANMADI,0,0,2026-08-07,
MRBKF,8acae2c48304fe9c0186986217ed49c5,MERCEDES BENZ KAMYON FİNANSMAN A.Ş.,KAFIF_YOK,0,6,2026-08-07,
MRGYO,4028e4a1415f4d9b0141603d2b414108,MARTI GAYRİMENKUL YATIRIM ORTAKLIĞI A.Ş.,KAFIF_YOK,0,24,2026-08-07,
MRMAG,4028e4a240f2ef470141166b45c0040d,MARKA MAĞAZACILIK A.Ş.,KAFIF_YOK,0,1,2026-08-07,
MRSHL,4028e4a140f2ed720140f325b12e0172,MARSHALL BOYA VE VERNİK SANAYİİ A.Ş.,KAFIF_VAR,2,15,2026-08-07,
MSGYO,8acae2c4540d444501545d374f8d070a,MİSTRAL GAYRİMENKUL YATIRIM ORTAKLIĞI A.Ş.,KAFIF_VAR,3,18,2026-08-07,
MSY/MSYBN,8acae2c482b7ea0b0182f949649916a8,MİSYON YATIRIM BANKASI A.Ş.,MUAF_SORGULANMADI,0,0,2026-08-07,
MTRKS,8acae2c575a1b5b60177de29c7177130,MATRİKS FİNANSAL TEKNOLOJİLER A.Ş.,KAFIF_VAR,2,12,2026-08-07,
MTRYO,4028e4a14158e41f01415b1cecc4619f,METRO YATIRIM ORTAKLIĞI A.Ş.,KAFIF_YOK,0,69,2026-08-07,
MZHLD,4028e4a24158e42401415adbb0917e5e,MAZHAR ZORLU HOLDİNG A.Ş.,KAFIF_VAR,2,8,2026-08-07,
NATEN,8acae2c469cee2a2016bb6c259155c47,NATUREL YENİLENEBİLİR ENERJİ TİCARET A.Ş.,KAFIF_VAR,3,29,2026-08-07,
NETAS,4028e4a240f2ef47014111d7df220232,NETAŞ TELEKOMÜNİKASYON A.Ş.,KAFIF_VAR,2,9,2026-08-07,
NETCD,8acae2c47f7cb492017fd60a82802767,NETCAD YAZILIM A.Ş.,KAFIF_VAR,1,34,2026-08-07,
NIBAS,4028e4a1413b7ef501413bc24123002f,NİĞBAŞ NİĞDE BETON SANAYİ VE TİCARET A.Ş.,KAFIF_VAR,2,12,2026-08-07,
NRBNK/NYB,4028e4a1415f4d9901416dc894a66313,NUROL YATIRIM BANKASI A.Ş.,MUAF_SORGULANMADI,0,0,2026-08-07,
NTGAZ,8acae2c4782a4d580178492e12820f4f,NATURELGAZ SANAYİ VE TİCARET A.Ş.,KAFIF_VAR,2,19,2026-08-07,
NTHOL,4028e4a140f2ed7101412ba0829f034d,NET HOLDİNG A.Ş.,KAFIF_VAR,2,10,2026-08-07,
NUGYO,4028e4a1416e696301416f6100e76fb9,NUROL GAYRİMENKUL YATIRIM ORTAKLIĞI A.Ş.,KAFIF_VAR,2,22,2026-08-07,
NUHCM,4028e4a141558bdd014156053d9f04b2,NUH ÇİMENTO SANAYİ A.Ş.,KAFIF_VAR,2,16,2026-08-07,
NURVK,8acae2c55d8500f8015ee16f113a0c19,NUROL VARLIK KİRALAMA A.Ş.,KAFIF_YOK,0,35,2026-08-07,
OBAMS,8acae2c58b2fa64e018dc01d63686b27,OBA MAKARNACILIK SANAYİ VE TİCARET A.Ş.,KAFIF_VAR,2,12,2026-08-07,
OBASE,8acae2c57f7cbb49018050e4303b068b,OBASE BİLGİSAYAR VE DANIŞMANLIK HİZMETLERİ TİCARET A.Ş.,KAFIF_VAR,2,13,2026-08-07,
ODAS,4028e4a2416e696c01416edd70713183,ODAŞ ELEKTRİK ÜRETİM SANAYİ TİCARET A.Ş.,KAFIF_VAR,2,15,2026-08-07,
ODINE,8acae2c58b2fa64e018e1cbdc7e02623,ODİNE SOLUTİONS TEKNOLOJİ TİCARET VE SANAYİ A.Ş.,KAFIF_VAR,2,25,2026-08-07,
OFSYM,8acae2c586d22c510189bf5dfc710286,OFİS YEM GIDA SANAYİ TİCARET A.Ş.,KAFIF_VAR,3,18,2026-08-07,
OMD/OSMEN,4028e4a240ee37a30140ee408ef80002,OSMANLI YATIRIM MENKUL DEĞERLER A.Ş.,MUAF_SORGULANMADI,0,0,2026-08-07,
ONCSM,8acae2c4812b870c018161f7cdde10f3,ONCOSEM ONKOLOJİK SİSTEMLER SANAYİ VE TİCARET A.Ş.,KAFIF_VAR,5,19,2026-08-07,
ONRYT,8acae2c58b2fa64e018f8540ca5f57d4,ONUR YÜKSEK TEKNOLOJİ A.Ş.,KAFIF_VAR,2,19,2026-08-07,
OPET,4028e4a240e95dc30140ee34335300e8,OPET PETROLCÜLÜK A.Ş.,KAFIF_YOK,0,8,2026-08-07,
ORCAY,8acae2c47afb298b017b5ea1d5ee3d78,ORÇAY ORTAKÖY ÇAY SANAYİ VE TİCARET A.Ş.,KAFIF_VAR,3,11,2026-08-07,
ORFIN,4028e4a140f2ed7201411780a3bd062e,ORFİN FİNANSMAN A.Ş.,KAFIF_YOK,0,3,2026-08-07,
ORGE,4028e4a140ee35c00140ee3971130009,ORGE ENERJİ ELEKTRİK TAAHHÜT A.Ş.,KAFIF_VAR,2,34,2026-08-07,
ORMA,4028e4a240ee37a90140ee3cedbb0002,ORMA ORMAN MAHSÜLLERİ İNTEGRE SANAYİ VE TİCARET A.Ş.,KAFIF_VAR,1,8,2026-08-07,
ORZAX,8acae2c59ee1b2d8019eff10c40c0dd5,ORZAKS İLAÇ VE KİMYA SANAYİ TİCARET A.Ş.,KAFIF_YOK,0,14,2026-08-07,
OSTIM,4028e4a241462fd8014149e82fb004c5,OSTİM ENDÜSTRİYEL YATIRIMLAR VE İŞLETME A.Ş.,KAFIF_VAR,2,8,2026-08-07,
OSVKS,8acae2c5998f25d70199f11791bb492a,OSMANLI VARLIK KİRALAMA A.Ş.,KAFIF_YOK,0,7,2026-08-07,
OTKAR,4028e4a140ee35c70140ee4316b3001d,OTOKAR OTOMOTİV VE SAVUNMA SANAYİ A.Ş.,KAFIF_VAR,2,16,2026-08-07,
OTOSR,8acae2c486d22a3b018b041f67b641d2,OTOSOR OTOMOTİV A.Ş.,KAFIF_YOK,0,9,2026-08-07,
OTTO,4028e4a14203278a01420955fc5d14bd,OTTO HOLDİNG A.Ş.,KAFIF_YOK,0,10,2026-08-07,
OYA/OYYAT,4028e4a14158e41f01415a5e854d4441,OYAK YATIRIM MENKUL DEĞERLER A.Ş.,MUAF_SORGULANMADI,0,0,2026-08-07,
OYAKC,4028e4a140f2ed720140f32377aa016c,OYAK ÇİMENTO FABRİKALARI A.Ş.,KAFIF_VAR,3,15,2026-08-07,
OYAYO,4028e4a140ee35c70140ee4e93870038,OYAK YATIRIM ORTAKLIĞI A.Ş.,KAFIF_YOK,0,321,2026-08-07,
OYLUM,4028e4a14184e9cf0141919d8abd1552,OYLUM SINAİ YATIRIMLAR A.Ş.,KAFIF_VAR,2,14,2026-08-07,
OZATD,8acae2c49145e00d019180a20f28221c,ÖZATA DENİZCİLİK SANAYİ VE TİCARET A.Ş.,KAFIF_VAR,3,17,2026-08-07,
OZGYO,4028e4a140ee35c70140ee582a75003c,ÖZDERİCİ GAYRİMENKUL YATIRIM ORTAKLIĞI A.Ş.,KAFIF_VAR,4,16,2026-08-07,
OZKGY,4028e4a140f2ed720141079632d0024f,ÖZAK GAYRİMENKUL YATIRIM ORTAKLIĞI A.Ş.,KAFIF_VAR,2,38,2026-08-07,
OZRDN,1DE05DAA82D2073AE0530A4A622A2EBD,ÖZERDEN AMBALAJ SANAYİ A.Ş.,KAFIF_VAR,3,15,2026-08-07,
OZSUB,8acae2c465a51c380166776d73784fba,ÖZSU BALIK ÜRETİM A.Ş.,KAFIF_VAR,2,32,2026-08-07,
OZYSR,8acae2c58b2fa64e018f853cd37d57cf,ÖZYAŞAR TEL VE GALVANİZLEME SANAYİ A.Ş.,KAFIF_VAR,3,26,2026-08-07,
PAGYO,4028e4a240f2ef4c014134d6641f062a,PANORA GAYRİMENKUL YATIRIM ORTAKLIĞI A.Ş.,KAFIF_VAR,2,14,2026-08-07,
PAHOL,8acae2c4998f24d8019a5ffde32b0e5a,PASİFİK HOLDİNG A.Ş.,KAFIF_VAR,2,62,2026-08-07,
PAMEL,4028e4a246b4c5a90147f8ed32b0722f,PAMEL YENİLENEBİLİR ELEKTRİK ÜRETİM A.Ş.,KAFIF_VAR,2,10,2026-08-07,
PAPIL,8acae2c46e7fdc6a016e93286c5304b5,PAPİLON SAVUNMA TEKNOLOJİ VE TİCARET A.Ş.,KAFIF_VAR,2,18,2026-08-07,
PARSN,4028e4a140ee84900140f1ecef250011,PARSAN MAKİNA PARÇALARI SANAYİİ A.Ş.,KAFIF_VAR,2,12,2026-08-07,
PASEU,8acae2c586d22c5101887ae575873835,PASİFİK EURASİA LOJİSTİK DIŞ TİCARET A.Ş.,KAFIF_VAR,3,19,2026-08-07,
PATEK,8acae2c58b2fa64e018d63b9afbd4e6c,PASİFİK TEKNOLOJİ A.Ş.,KAFIF_VAR,2,17,2026-08-07,
PBT/PBTR,4028e4a14184e9c9014192aa6c1c1e03,PASHA YATIRIM BANKASI A.Ş.,MUAF_SORGULANMADI,0,0,2026-08-07,
PCILT,8acae2c5782a4e6d017844c378070abd,PC İLETİŞİM VE MEDYA HİZMETLERİ SANAYİ TİCARET A.Ş.,KAFIF_VAR,2,9,2026-08-07,
PEKGY,8acae2c55fc6011001617acbeb1b48da,PEKER GAYRİMENKUL YATIRIM ORTAKLIĞI A.Ş.,KAFIF_VAR,3,38,2026-08-07,
PENGD,4028e4a246b4c5a9014836bd56174fe9,PENGUEN GIDA SANAYİ A.Ş.,KAFIF_VAR,3,10,2026-08-07,
PENTA,4028e4a14184e9c9014198033c094251,PENTA TEKNOLOJİ ÜRÜNLERİ DAĞITIM TİCARET A.Ş.,KAFIF_VAR,2,8,2026-08-07,
PETKM,4028e4a240f2ef470141165c566a03e4,PETKİM PETROKİMYA HOLDİNG A.Ş.,KAFIF_VAR,3,19,2026-08-07,
PETUN,4028e4a240ee866c0140f1f7b3990027,PINAR ENTEGRE ET VE UN SANAYİİ A.Ş.,KAFIF_VAR,2,15,2026-08-07,
PGSUS,4028e4a2422d9a78014232e751bc22a4,PEGASUS HAVA TAŞIMACILIĞI A.Ş.,KAFIF_VAR,2,19,2026-08-07,
PINSU,4028e4a240ee866c0140f1f8c01a003e,PINAR SU VE İÇECEK SANAYİ VE TİCARET A.Ş.,KAFIF_VAR,2,8,2026-08-07,
PKART,4028e4a24184e9e501419d8dd26e7538,PLASTİKKART AKILLI KART İLETİŞİM SİSTEMLERİ SANAYİ VE TİCARET A.Ş.,KAFIF_VAR,2,9,2026-08-07,
PKENT,4028e4a140f2ed72014106c1df9a021f,PETROKENT TURİZM A.Ş.,KAFIF_YOK,0,7,2026-08-07,
PLTUR,4028e4a2422d9a7801427038d3fc1e11,PLATFORM TURİZM TAŞIMACILIK GIDA İNŞAAT TEMİZLİK HİZMETLERİ SANAYİ VE TİCARET A.Ş.,KAFIF_VAR,2,17,2026-08-07,
PNLSN,8acae2c47d3bee50017db95876e6220e,PANELSAN ÇATI CEPHE SİSTEMLERİ SANAYİ VE TİCARET A.Ş.,KAFIF_VAR,6,22,2026-08-07,
PNSUT,4028e4a240ee866c0140f1f97e530042,PINAR SÜT MAMÜLLERİ SANAYİİ A.Ş.,KAFIF_VAR,2,19,2026-08-07,
POLHO,4028e4a241733d4a01417414a27127d7,POLİSAN HOLDİNG A.Ş.,KAFIF_VAR,3,25,2026-08-07,
POLTK,4028e4a246b4c5a90147fcd473d37f85,POLİTEKNİK METAL SANAYİ VE TİCARET A.Ş.,KAFIF_YOK,0,12,2026-08-07,
PRDGS,8acae2c57afb2d71017bceb97170639d,PARDUS GİRİŞİM SERMAYESİ YATIRIM ORTAKLIĞI A.Ş.,KAFIF_VAR,1,36,2026-08-07,
PRFFK,8acae2c562329bd101633aecee66085d,PARAFİNANS FAKTORİNG A.Ş.,MUAF_SORGULANMADI,0,0,2026-08-07,
PRKAB,4028e4a240f2ef470141167b777b0437,TÜRK PRYSMİAN KABLO VE SİSTEMLERİ A.Ş.,KAFIF_VAR,4,10,2026-08-07,
PRKME,4028e4a141da49ea0141e45622e54843,PARK ELEKTRİK ÜRETİM MADENCİLİK SANAYİ VE TİCARET A.Ş.,KAFIF_VAR,2,20,2026-08-07,
PRZMA,4028e4a2415f4f8401415ff644c5341c,PRİZMA PRES MATBAACILIK YAYINCILIK SANAYİ VE TİCARET A.Ş.,KAFIF_VAR,2,14,2026-08-07,
PSDTC,1DE05DAA8399073AE0530A4A622A2EBD,PERGAMON STATUS DIŞ TİCARET A.Ş.,KAFIF_VAR,2,11,2026-08-07,
PSGYO,8acae2c4794d364a017a51e9e5d256c9,PASİFİK GAYRİMENKUL YATIRIM ORTAKLIĞI A.Ş.,KAFIF_VAR,3,29,2026-08-07,
QNBFF,4028e4a140e95be70140edf441e100cc,QNB FAKTORİNG A.Ş.,MUAF_SORGULANMADI,0,0,2026-08-07,
QNBFK,4028e4a140f2ed7201410821418e027d,QNB FİNANSAL KİRALAMA A.Ş.,MUAF_SORGULANMADI,0,0,2026-08-07,
QNBVK,8acae2c468aeffb70169914527d01563,QNB VARLIK KİRALAMA A.Ş.,KAFIF_YOK,0,12,2026-08-07,
QUAGR,8acae2c469cee2a4016b1c1dc11f2b03,QUA GRANITE HAYAL YAPI VE ÜRÜNLERİ SANAYİ TİCARET A.Ş.,KAFIF_VAR,3,22,2026-08-07,
QUFIN,8acae2c480e910340181144dafd90e8d,QUICK FİNANSMAN A.Ş.,KAFIF_YOK,0,6,2026-08-07,
QUICK,8acae2c59f52dae5019f931868361e7e,QUİCK SİGORTA A.Ş.,MUAF_SORGULANMADI,0,0,2026-08-07,
QYATB/YBQ,8acae2c58b2fa64e019103ccd8093825,Q YATIRIM BANKASI A.Ş.,MUAF_SORGULANMADI,0,0,2026-08-07,
QYHOL,8acae2c582b7eb070182f3043ec810b9,Q YATIRIM HOLDİNG A.Ş.,KAFIF_YOK,0,8,2026-08-07,
RALYH,4028e4a240f2ef4c0141029be169015f,RAL YATIRIM HOLDİNG A.Ş.,KAFIF_VAR,3,19,2026-08-07,
RAYSG,4028e4a241733d4201417ddf67f8288c,RAY SİGORTA A.Ş.,MUAF_SORGULANMADI,0,0,2026-08-07,
REEDR,8acae2c586d22c53018a73739d9104a8,REEDER TEKNOLOJİ SANAYİ VE TİCARET A.Ş.,KAFIF_VAR,2,19,2026-08-07,
RGYAS,4028e4a241b612d80141d9a52e2a2727,RÖNESANS GAYRİMENKUL YATIRIM A.Ş.,KAFIF_VAR,4,16,2026-08-07,
RNPOL,8acae2c47afb298b017bcfa8c4e96550,RAİNBOW POLİKARBONAT SANAYİ TİCARET A.Ş.,KAFIF_VAR,5,19,2026-08-07,
RODRG,4028e4a241e538ab0141ef77414543c5,RODRİGO TEKSTİL SANAYİ VE TİCARET A.Ş.,KAFIF_VAR,4,13,2026-08-07,
RTALB,4028e4a2486ec9ba0148c19eb7eb1933,RTA LABORATUVARLARI BİYOLOJİK ÜRÜNLER İLAÇ VE MAKİNE SANAYİ TİCARET A.Ş.,KAFIF_VAR,2,8,2026-08-07,
RUBNS,8acae2c47d3bee50017d8f777c171313,RUBENİS TEKSTİL SANAYİ TİCARET A.Ş.,KAFIF_VAR,4,13,2026-08-07,
RUZYE,4028e4a14158e41f01415a8ea74c4fbe,RUZY MADENCİLİK VE ENERJİ YATIRIMLARI SANAYİ VE TİCARET A.Ş.,KAFIF_VAR,2,10,2026-08-07,
RYGYO,4028e4a140ee847b0140f20278c00023,REYSAŞ GAYRİMENKUL YATIRIM ORTAKLIĞI A.Ş.,KAFIF_VAR,2,102,2026-08-07,
RYSAS,4028e4a140ee847b0140f203980d0030,REYSAŞ TAŞIMACILIK VE LOJİSTİK TİCARET A.Ş.,KAFIF_VAR,2,13,2026-08-07,
SAFKR,8acae2c55fc6011101602fcafb57255a,SAFKAR EGE SOĞUTMACILIK KLİMA SOĞUK HAVA TESİSLERİ İHRACAT İTHALAT SANAYİ VE TİCARET A.Ş.,KAFIF_VAR,4,17,2026-08-07,
SAHOL,4028e4a240ee37a90140ee50087e000b,HACI ÖMER SABANCI HOLDİNG A.Ş.,KAFIF_VAR,2,18,2026-08-07,
SAMAT,4028e4a1415f4d9b01415fde1bcc2fce,SARAY MATBAACILIK KAĞITÇILIK KIRTASİYECİLİK TİCARET VE SANAYİ A.Ş.,KAFIF_VAR,3,13,2026-08-07,
SANEL,4028e4a143371eea0143532e82ac510b,SAN-EL MÜHENDİSLİK ELEKTRİK TAAHHÜT SANAYİ VE TİCARET A.Ş.,KAFIF_VAR,3,12,2026-08-07,
SANFM,4028e4a141733b560141741ee61b25bd,SANİFOAM ENDÜSTRİ VE TÜKETİM ÜRÜNLERİ SANAYİ TİCARET A.Ş.,KAFIF_VAR,2,9,2026-08-07,
SANKO,4028e4a242140a92014223b5b91333e8,SANKO PAZARLAMA İTHALAT İHRACAT A.Ş.,KAFIF_VAR,3,15,2026-08-07,
SARAE,8acae2c59ee1b2d8019f2860baca2f2e,ŞA-RA ENERJİ İNŞAAT TİCARET VE SANAYİ A.Ş.,KAFIF_YOK,0,32,2026-08-07,
SARKY,4028e4a140f2ed7101410294f924012d,SARKUYSAN ELEKTROLİTİK BAKIR SANAYİ VE TİCARET A.Ş.,KAFIF_VAR,3,17,2026-08-07,
SARTN,4028e4a1413b7ef5014144f0375b00cf,SARTEN AMBALAJ SANAYİ VE TİCARET A.Ş.,KAFIF_YOK,0,7,2026-08-07,
SASA,4028e4a240ee866c0140f20abd9500cc,SASA POLYESTER SANAYİ A.Ş.,KAFIF_VAR,2,19,2026-08-07,
SAYAS,4028e4a1415f4d9901416000c2de30f0,SAY YENİLENEBİLİR ENERJİ EKİPMANLARI SANAYİ VE TİCARET A.Ş.,KAFIF_VAR,3,13,2026-08-07,
SDTTR,8acae2c48304fe9e0183ac70038e4941,SDT UZAY VE SAVUNMA TEKNOLOJİLERİ A.Ş.,KAFIF_VAR,2,12,2026-08-07,
SEGMN,8acae2c48c3efabf019017378c962a6d,SEĞMEN KARDEŞLER GIDA ÜRETİM VE AMBALAJ SANAYİ A.Ş.,KAFIF_VAR,2,12,2026-08-07,
SEGYO,8acae2c56faf888c01718864329b7097,ŞEKER GAYRİMENKUL YATIRIM ORTAKLIĞI A.Ş.,KAFIF_VAR,2,73,2026-08-07,
SEK/SKBNK,4028e4a240f2ef4c01412adc8fba04ee,ŞEKERBANK T.A.Ş.,MUAF_SORGULANMADI,0,0,2026-08-07,
SEKFK,4028e4a141e536460141e92af0291568,ŞEKER FİNANSAL KİRALAMA A.Ş.,MUAF_SORGULANMADI,0,0,2026-08-07,
SEKUR,1DE05DAA83C4073AE0530A4A622A2EBD,SEKURO PLASTİK AMBALAJ SANAYİ A.Ş.,KAFIF_VAR,3,14,2026-08-07,
SELEC,4028e4a2416e697d01416ec00e101dce,SELÇUK ECZA DEPOSU TİCARET VE SANAYİ A.Ş.,KAFIF_VAR,2,10,2026-08-07,
SELVA,8acae2c5794d3d6a0179fb3f31d744cd,SELVA GIDA SANAYİ A.Ş.,KAFIF_VAR,2,16,2026-08-07,
SERNT,8acae2c49145e00b019497929176199a,SERANİT GRANİT SERAMİK SANAYİ VE TİCARET A.Ş.,KAFIF_VAR,2,20,2026-08-07,
SEYKM,402821824da3aa97014f16c428d14bcf,SEYİTLER KİMYA SANAYİ A.Ş.,KAFIF_VAR,2,11,2026-08-07,
SILVR,4028e4a243dd5e8f01440734fd5613db,SİLVERLİNE ENDÜSTRİ VE TİCARET A.Ş.,KAFIF_VAR,2,11,2026-08-07,
SISE,4028e4a140f2ed710140f385d5690102,TÜRKİYE ŞİŞE VE CAM FABRİKALARI A.Ş.,KAFIF_VAR,2,27,2026-08-07,
SKTAS,4028e4a140f275530140f27bc043017d,SÖKTAŞ TEKSTİL SANAYİ VE TİCARET A.Ş.,KAFIF_VAR,2,14,2026-08-07,
SKY/SKYMD,4028e4a241a25fcb0141a7c4a064241c,ŞEKER YATIRIM MENKUL DEĞERLER A.Ş.,MUAF_SORGULANMADI,0,0,2026-08-07,
SKYLP,4028e4a1415f4d9b01415ff295793adc,SKYALP FİNANSAL TEKNOLOJİLER VE DANIŞMANLIK A.Ş.,KAFIF_VAR,2,14,2026-08-07,
SMART,8acae2c569cee403016a6d8db5035804,SMARTİKS YAZILIM A.Ş.,KAFIF_VAR,2,10,2026-08-07,
SMRFA,4028e4a144a0804f01459354f547295d,SÜMER FAKTORİNG A.Ş.,MUAF_SORGULANMADI,0,0,2026-08-07,
SMRTG,8acae2c47d3bee4e017f49ce882e7b01,SMART GÜNEŞ ENERJİSİ TEKNOLOJİLERİ ARAŞTIRMA GELİŞTİRME ÜRETİM SANAYİ VE TİCARET A.Ş.,KAFIF_VAR,2,22,2026-08-07,
SMRVA,402821814da3a99c014eb57bdd604a6f,SÜMER VARLIK YÖNETİM A.Ş.,MUAF_SORGULANMADI,0,0,2026-08-07,
SNGYO,4028e4a14184e9cf01419c0168dd5a87,SİNPAŞ GAYRİMENKUL YATIRIM ORTAKLIĞI A.Ş.,KAFIF_VAR,2,72,2026-08-07,
SNICA,8acae2c5830502c20183cb8491655a67,SANİCA ISI SANAYİ A.Ş.,KAFIF_VAR,2,8,2026-08-07,
SNPAM,4028e4a240f2ef4c01412ad919a504dd,SÖNMEZ PAMUKLU SANAYİİ A.Ş.,KAFIF_VAR,3,13,2026-08-07,
SODSN,4028e4a140f2ed7201412ad04fdc071d,SODAŞ SODYUM SANAYİİ A.Ş.,KAFIF_VAR,2,6,2026-08-07,
SOHOE,8acae2c49ee1b0ec019efd886aee0cc5,SOHO GİYİM VE ENERJİ A.Ş.,KAFIF_YOK,0,39,2026-08-07,
SOKE,8acae2c552495f640152d616d67a0b95,SÖKE DEĞİRMENCİLİK SANAYİ VE TİCARET A.Ş.,KAFIF_VAR,3,9,2026-08-07,
SOKM,4028e4a14184e9c9014198095f4442bf,ŞOK MARKETLER TİCARET A.Ş.,KAFIF_VAR,2,9,2026-08-07,
SONME,4028e4a240f2ef4c01412ad6196104d2,SÖNMEZ FİLAMENT SENTETİK İPLİK VE ELYAF SANAYİ A.Ş.,KAFIF_VAR,2,9,2026-08-07,
SRVGY,4028e4a1416e696501416f80a3377c4b,SERVET GAYRİMENKUL YATIRIM ORTAKLIĞI A.Ş.,KAFIF_VAR,3,31,2026-08-07,
SSAAT,8acae2c4508ff7260151d47a54641b19,SAAT VE SAAT SANAYİ VE TİCARET A.Ş.,KAFIF_YOK,0,23,2026-08-07,
SUMAS,4028e4a141e536460141ea4aa4271f3b,SUMAŞ SUNİ TAHTA VE MOBİLYA SANAYİİ A.Ş.,KAFIF_VAR,3,9,2026-08-07,
SUNTK,8acae2c47f7cb4920180234f4d1064b4,SUN TEKSTİL SANAYİ VE TİCARET A.Ş.,KAFIF_VAR,3,15,2026-08-07,
SURGY,8acae2c48b2fa25a018c33a0808a03b0,SUR TATİL EVLERİ GAYRİMENKUL YATIRIM ORTAKLIĞI A.Ş.,KAFIF_VAR,3,19,2026-08-07,
SUWEN,8acae2c47902e75601792308abd41e4a,SUWEN TEKSTİL SANAYİ PAZARLAMA A.Ş.,KAFIF_VAR,2,12,2026-08-07,
SVGYO,8acae2c59b85fa03019c74a8cf6a4f62,SAVUR GAYRİMENKUL YATIRIM ORTAKLIĞI A.Ş.,KAFIF_VAR,1,40,2026-08-07,
TABGD,4028e4a141e536460141e5aa84740938,TAB GIDA SANAYİ VE TİCARET A.Ş.,KAFIF_VAR,3,17,2026-08-07,
TAC/TCRYT,4028e4a14184e9cf01419c00c2a65a7e,TACİRLER YATIRIM MENKUL DEĞERLER A.Ş.,MUAF_SORGULANMADI,0,0,2026-08-07,
TAE/TRBNK,8acae2c58b2fa64e018b41c1d7310847,TERA YATIRIM BANKASI A.Ş.,MUAF_SORGULANMADI,0,0,2026-08-07,
TAMFA,4028e4a241da4bed0141dfd84e062851,TAM FİNANS FAKTORİNG A.Ş.,MUAF_SORGULANMADI,0,0,2026-08-07,
TARFN,8acae2c59145e00e0192764b21c25052,TARFİN TARIM A.Ş.,KAFIF_YOK,0,5,2026-08-07,
TARKM,8acae2c56eccfc0c016fae44264f6323,TARKİM BİTKİ KORUMA SANAYİ VE TİCARET A.Ş.,KAFIF_VAR,3,15,2026-08-07,
TATEN,8acae2c586d22c510189bf5827490281,TATLIPINAR ENERJİ ÜRETİM A.Ş.,KAFIF_VAR,2,37,2026-08-07,
TATGD,4028e4a140f2ed720140f31089aa010a,TAT GIDA SANAYİ A.Ş.,KAFIF_VAR,4,23,2026-08-07,
TAVHL,4028e4a140f2ed720140f31195ef010e,TAV HAVALİMANLARI HOLDİNG A.Ş.,KAFIF_VAR,2,17,2026-08-07,
TBORG,4028e4a140f2ed720140f37b033601b2,TÜRK TUBORG BİRA VE MALT SANAYİİ A.Ş.,KAFIF_VAR,2,9,2026-08-07,
TCELL,4028e4a1486ec80a0148c55510d71d31,TURKCELL İLETİŞİM HİZMETLERİ A.Ş.,KAFIF_YOK,0,23,2026-08-07,
TCKRC,8acae2c48c3efac0019137973fd07e5e,KIRAÇ GALVANİZ TELEKOMİNİKASYON METAL MAKİNE İNŞAAT ELEKTRİK SANAYİ VE TİCARET A.Ş.,KAFIF_VAR,2,26,2026-08-07,
TDGYO,8acae2c45fc5ff9d01613299f17a2065,TREND GAYRİMENKUL YATIRIM ORTAKLIĞI A.Ş.,KAFIF_VAR,2,24,2026-08-07,
TEBFA,4028e4a241462fd801414f9ef4b3377b,TEB FAKTORİNG A.Ş.,MUAF_SORGULANMADI,0,0,2026-08-07,
TEHOL,4028e4a240ee866c0140f1f6699e0018,TERA YATIRIM TEKNOLOJİ HOLDİNG A.Ş.,KAFIF_VAR,4,33,2026-08-07,
TEKTU,4028e4a1416e696301416effc1a04330,TEK-ART İNŞAAT TİCARET TURİZM SANAYİ VE YATIRIMLAR A.Ş.,KAFIF_VAR,2,9,2026-08-07,
TERA/TRA,4028e4a141733b56014178115f7e51e7,TERA YATIRIM MENKUL DEĞERLER A.Ş.,MUAF_SORGULANMADI,0,0,2026-08-07,
TEVKS,8acae2c49b85f8cf019c2d1ef34e1606,TERA VARLIK KİRALAMA A.Ş.,KAFIF_YOK,0,8,2026-08-07,
TEZOL,8acae2c468aeffb7016949376d695d6c,EUROPAP TEZOL KAĞIT SANAYİ VE TİCARET A.Ş.,KAFIF_VAR,3,11,2026-08-07,
TFNVK,4028e4a240f2ef4c01413b17046806f6,TF VARLIK KİRALAMA A.Ş.,KAFIF_YOK,0,45,2026-08-07,
TGSAS,4028e4a140f2ed710140f3255bea009c,TGS DIŞ TİCARET A.Ş.,KAFIF_VAR,2,23,2026-08-07,
THYAO,4028e4a140f2ed720140f376bebb01a7,TÜRK HAVA YOLLARI A.O.,KAFIF_VAR,3,12,2026-08-07,
TIMUR,1DE05DAA8407073AE0530A4A622A2EBD,TİMUR GAYRİMENKUL GELİŞTİRME YAPI VE YATIRIM A.Ş.,KAFIF_YOK,0,8,2026-08-07,
TKFEN,4028e4a140f2ed720140f31367840112,TEKFEN HOLDİNG A.Ş.,KAFIF_VAR,1,17,2026-08-07,
TKNSA,4028e4a240f2ef470140f31ac6aa006f,TEKNOSA İÇ VE DIŞ TİCARET A.Ş.,KAFIF_VAR,3,21,2026-08-07,
TLMAN,8acae2c45fc5ff9d0160e9391f3b05a4,TRABZON LİMAN İŞLETMECİLİĞİ A.Ş.,KAFIF_VAR,2,8,2026-08-07,
TMPOL,4028e4a246b4c5ad0148319a4a87518f,TEMAPOL POLİMER PLASTİK VE İNŞAAT SANAYİ TİCARET A.Ş.,KAFIF_VAR,2,13,2026-08-07,
TMSN,4028e4a141e536460141e53904b50025,TÜMOSAN MOTOR VE TRAKTÖR SANAYİ A.Ş.,KAFIF_VAR,2,32,2026-08-07,
TNZTP,8acae2c575a1b5b601773e8cc29d0b24,TAPDİ OKSİJEN ÖZEL SAĞLIK VE EĞİTİM HİZMETLERİ SANAYİ TİCARET A.Ş.,KAFIF_VAR,3,10,2026-08-07,
TOASO,4028e4a140f2ed710140f328bed700a5,TOFAŞ TÜRK OTOMOBİL FABRİKASI A.Ş.,KAFIF_VAR,3,17,2026-08-07,
TRALT,4028e4a2422d9a6e0142bd91d3687a69,TÜRK ALTIN İŞLETMELERİ A.Ş.,KAFIF_VAR,2,22,2026-08-07,
TRCAS,4028e4a1415f4d9b01416005c65d3d53,TURCAS HOLDİNG A.Ş.,KAFIF_VAR,2,16,2026-08-07,
TRENJ,4028e4a2422d9a6e0142bd9255a37a70,TR DOĞAL ENERJİ KAYNAKLARI ARAŞTIRMA VE ÜRETİM A.Ş.,KAFIF_VAR,2,21,2026-08-07,
TRFFA,4028e4a14184e9cf014193512aaa2c5e,TERA FİNANS FAKTORİNG A.Ş.,MUAF_SORGULANMADI,0,0,2026-08-07,
TRGYO,4028e4a1413b7ef5014144f83882011f,TORUNLAR GAYRİMENKUL YATIRIM ORTAKLIĞI A.Ş.,KAFIF_VAR,2,48,2026-08-07,
TRHOL,4028e4a140f2ed7101411163985a021e,TERA FİNANSAL YATIRIMLAR HOLDİNG A.Ş.,KAFIF_VAR,5,25,2026-08-07,
TRILC,8acae2c575a1b5b601773ec6c0030b66,TURK İLAÇ VE SERUM SANAYİ A.Ş.,KAFIF_VAR,2,12,2026-08-07,
TRKFN,8acae2c46d7599a6016d873a5f860360,TURK FİNANSMAN A.Ş.,KAFIF_YOK,0,4,2026-08-07,
TRKNT,8acae2c469cee2a4016a77942be766cf,TURKNET İLETİŞİM HİZMETLERİ A.Ş.,BOS_SONUC,0,0,2026-08-07,
TRMEN/TVM,4028e4a2416f888d01416f9bd89f0453,TRIVE YATIRIM MENKUL DEĞERLER A.Ş.,MUAF_SORGULANMADI,0,0,2026-08-07,
TRMET,4028e4a2422d9a6e0142bd921d307a6d,TR ANADOLU METAL MADENCİLİK İŞLETMELERİ A.Ş.,KAFIF_VAR,2,21,2026-08-07,
TRYKI,1DE05DAA8408073AE0530A4A622A2EBD,TİRYAKİ AGRO GIDA SANAYİ VE TİCARET A.Ş.,KAFIF_YOK,0,14,2026-08-07,
TSGYO,4028e4a240f2ef470140f37174c600a7,TSKB GAYRİMENKUL YATIRIM ORTAKLIĞI A.Ş.,KAFIF_VAR,2,21,2026-08-07,
TSK/TSKB,4028e4a140f2ed710140f3831c6300fd,TÜRKİYE SINAİ KALKINMA BANKASI A.Ş.,MUAF_SORGULANMADI,0,0,2026-08-07,
TSPOR,4028e4a141da49e50141e0852f272b80,TRABZONSPOR SPORTİF YATIRIM VE FUTBOL İŞLETMECİLİĞİ TİCARET A.Ş.,KAFIF_VAR,2,8,2026-08-07,
TTKOM,4028e4a241e538ab0141ea9c96912c8b,TÜRK TELEKOMÜNİKASYON A.Ş.,KAFIF_VAR,3,38,2026-08-07,
TTRAK,4028e4a140f2ed720140f3790d6a01ad,TÜRK TRAKTÖR VE ZİRAAT MAKİNELERİ A.Ş.,KAFIF_VAR,2,18,2026-08-07,
TUCLK,4028e4a146b4c4110147f3bb4e795ce5,TUĞÇELİK ALÜMİNYUM VE METAL MAMÜLLERİ SANAYİ VE TİCARET A.Ş.,KAFIF_VAR,3,21,2026-08-07,
TUKAS,4028e4a240f2ef470140f373b77f00ac,TUKAŞ GIDA SANAYİ VE TİCARET A.Ş.,KAFIF_VAR,3,15,2026-08-07,
TUPRS,4028e4a140f2ed720140f37f139c01bc,TÜPRAŞ-TÜRKİYE PETROL RAFİNERİLERİ A.Ş.,KAFIF_VAR,2,15,2026-08-07,
TUREX,402821824bf524dd014d7babc2134829,TUREKS TURİZM TAŞIMACILIK A.Ş.,KAFIF_VAR,1,7,2026-08-07,
TURGG,4028e4a140f2ed720140f3440383018e,TÜRKER PROJE GAYRİMENKUL VE YATIRIM GELİŞTİRME A.Ş.,KAFIF_VAR,2,15,2026-08-07,
TURSG,4028e4a140e95be70140ee2f466d0159,TÜRKİYE SİGORTA A.Ş.,MUAF_SORGULANMADI,0,0,2026-08-07,
TV8TV,4028e4a1415f4d9b014160385b35407b,TV8 TV YAYINCILIK A.Ş.,KAFIF_YOK,0,15,2026-08-07,
TVB/VAKBN,4028e4a1415f4d9b01415fe3340f36e4,TÜRKİYE VAKIFLAR BANKASI T.A.O.,MUAF_SORGULANMADI,0,0,2026-08-07,
UCAYM,8acae2c49b85f8ce019ba3efeb403292,ÜÇAY MÜHENDİSLİK ENERJİ VE İKLİMLENDİRME TEKNOLOJİLERİ A.Ş.,KAFIF_VAR,2,53,2026-08-07,
UFUK,4028e4a24158e42201415afe28e760a4,UFUK YATIRIM YÖNETİM VE GAYRİMENKUL A.Ş.,KAFIF_VAR,3,23,2026-08-07,
ULAS,4028e4a240f2ef4c0140f38adfa1008d,ULAŞLAR TURİZM ENERJİ TARIM GIDA VE İNŞAAT YATIRIMLARI A.Ş.,KAFIF_VAR,4,18,2026-08-07,
ULKER,4028e4a14184e9c901419801438a422b,ÜLKER BİSKÜVİ SANAYİ A.Ş.,KAFIF_VAR,2,15,2026-08-07,
ULUFA,4028e4a1416e696301416f321c3d5ca7,ULUSAL FAKTORİNG A.Ş.,MUAF_SORGULANMADI,0,0,2026-08-07,
ULUSE,4028e4a24a069620014a341cfac83419,ULUSOY ELEKTRİK İMALAT TAAHHÜT VE TİCARET A.Ş.,KAFIF_VAR,5,12,2026-08-07,
ULUUN,4028e4a14371e09d0143c4d925022442,ULUSOY UN SANAYİ VE TİCARET A.Ş.,KAFIF_VAR,2,7,2026-08-07,
UMPAS,4028e4a240f2ef4c0140f38be24f0091,UMPAŞ HOLDİNG A.Ş.,BOS_SONUC,0,0,2026-08-07,
UNLU,4028e4a24bcf2bca014be9def2a47203,ÜNLÜ YATIRIM HOLDİNG A.Ş.,KAFIF_VAR,2,18,2026-08-07,
USAK,1DE05DAA843E073AE0530A4A622A2EBD,UŞAK SERAMİK SANAYİ A.Ş.,KAFIF_VAR,4,24,2026-08-07,
VAKFA,4028e4a2422d9a7801426b0fb4db037d,VAKIF FAKTORİNG A.Ş.,MUAF_SORGULANMADI,0,0,2026-08-07,
VAKFN,4028e4a241462fd801414fa81cce2e75,VAKIF FİNANSAL KİRALAMA A.Ş.,MUAF_SORGULANMADI,0,0,2026-08-07,
VAKKO,4028e4a2422d9a6e014251b075f0227f,VAKKO TEKSTİL VE HAZIR GİYİM SANAYİ İŞLETMELERİ A.Ş.,KAFIF_VAR,3,13,2026-08-07,
VAKVK,8acae2c45835eb6501589126775520fb,VAKIF VARLIK KİRALAMA A.Ş.,KAFIF_YOK,0,48,2026-08-07,
VANGD,4028e4a1416e696301416ecfa3fb2ca4,VANET GIDA SANAYİ İÇ VE DIŞ TİCARET A.Ş.,KAFIF_VAR,2,15,2026-08-07,
VBTYZ,8acae2c4794d3648017a420bdd4c4fa3,VBT YAZILIM A.Ş.,KAFIF_VAR,3,16,2026-08-07,
VDFAS,4028e4a24371e0a20143914bc74c6e5b,VOLKSWAGEN DOĞUŞ FİNANSMAN A.Ş.,KAFIF_YOK,0,5,2026-08-07,
VDFLO,8acae2c56faf888c0171e54394012909,VDF FİLO KİRALAMA A.Ş.,KAFIF_YOK,0,4,2026-08-07,
VERTU,4028e4a2420327a4014209c59cc91457,VERUSATURK GİRİŞİM SERMAYESİ YATIRIM ORTAKLIĞI A.Ş.,KAFIF_VAR,2,14,2026-08-07,
VERUS,4028e4a2422d9a78014275ba7f133b05,VERUSA HOLDİNG A.Ş.,KAFIF_VAR,2,11,2026-08-07,
VESBE,4028e4a140f2ed7201412c223c9707e6,VESTEL BEYAZ EŞYA SANAYİ VE TİCARET A.Ş.,KAFIF_VAR,2,24,2026-08-07,
VESTL,4028e4a140f2ed7201412c2000c507db,VESTEL ELEKTRONİK SANAYİ VE TİCARET A.Ş.,KAFIF_VAR,2,28,2026-08-07,
VKFYO,4028e4a241462fd801414fa6227c2e62,VAKIF MENKUL KIYMET YATIRIM ORTAKLIĞI A.Ş.,MUAF_SORGULANMADI,0,0,2026-08-07,
VKGYO,4028e4a140f2ed72014101a0d3b501f7,VAKIF GAYRİMENKUL YATIRIM ORTAKLIĞI A.Ş.,KAFIF_VAR,2,54,2026-08-07,
VKING,4028e4a140f2ed72014101a2d00a01fe,VİKİNG KAĞIT VE SELÜLOZ A.Ş.,KAFIF_VAR,3,17,2026-08-07,
VRGYO,8acae2c486d22a3a018b27e15c37493e,VERA KONSEPT GAYRİMENKUL YATIRIM ORTAKLIĞI A.Ş.,KAFIF_VAR,2,21,2026-08-07,
VSNMD,8acae2c59145e00e01949893374b244d,VİŞNE MADENCİLİK ÜRETİM SANAYİ VE TİCARET A.Ş.,KAFIF_VAR,2,21,2026-08-07,
YAPRK,4028e4a1416e696501416eec8e443d62,YAPRAK SÜT VE BESİ ÇİFTLİKLERİ SANAYİ VE TİCARET A.Ş.,KAFIF_VAR,2,12,2026-08-07,
YATAS,4028e4a140f2ed72014106c48768022e,YATAŞ YATAK VE YORGAN SANAYİ TİCARET A.Ş.,KAFIF_VAR,4,11,2026-08-07,
YATVK,8acae2c56d759b01016e02beaf763330,YATIRIM VARLIK KİRALAMA A.Ş.,KAFIF_YOK,0,2,2026-08-07,
YAYLA,4028e4a1486ec80b0148c539d6721829,YAYLA ENERJİ ÜRETİM TURİZM VE İNŞAAT TİCARET A.Ş.,KAFIF_VAR,2,7,2026-08-07,
YBTAS,4028e4a2416f888d01416f94bfb001ec,YİBİTAŞ YOZGAT İŞÇİ BİRLİĞİ İNŞAAT MALZEMELERİ TİCARET VE SANAYİ A.Ş.,KAFIF_VAR,2,22,2026-08-07,
YEOTK,4028e4a140f2ed7101413af3da8c0440,YEO TEKNOLOJİ ENERJİ VE ENDÜSTRİ A.Ş.,KAFIF_VAR,4,12,2026-08-07,
YESIL,4028e4a2416e696c01416edc458b30f0,YEŞİL YATIRIM HOLDİNG A.Ş.,KAFIF_VAR,1,11,2026-08-07,
YGGYO,4028e4a241733d4201417cda3f421321,YENİ GİMAT GAYRİMENKUL YATIRIM ORTAKLIĞI A.Ş.,KAFIF_VAR,3,13,2026-08-07,
YIGIT,8acae2c48c3efac0018fabe5e40b5043,YİĞİT AKÜ MALZEMELERİ NAKLİYAT TURİZM İNŞAAT SANAYİ VE TİCARET A.Ş.,KAFIF_VAR,2,15,2026-08-07,
YKB/YKBNK,4028e4a240f2ef4c01412ae6d6630538,YAPI VE KREDİ BANKASI A.Ş.,MUAF_SORGULANMADI,0,0,2026-08-07,
YKFIN,4028e4a1413b7ef401414503a8c00095,YAPI KREDİ FİNANSAL KİRALAMA A.O.,MUAF_SORGULANMADI,0,0,2026-08-07,
YKFKT,4028e4a240f2ef47014117688e9e04a6,YAPI KREDİ FAKTORİNG A.Ş.,MUAF_SORGULANMADI,0,0,2026-08-07,
YKR/YKYAT,4028e4a240f2ef4c01412ae47c99052d,YAPI KREDİ YATIRIM MENKUL DEĞERLER A.Ş.,MUAF_SORGULANMADI,0,0,2026-08-07,
YKSLN,8acae2c569cee403016a6e925a8b5bd8,YÜKSELEN ÇELİK A.Ş.,KAFIF_VAR,3,24,2026-08-07,
YONGA,4028e4a24158e42201415b0fde196300,YONGA MOBİLYA SANAYİ VE TİCARET A.Ş.,KAFIF_VAR,2,8,2026-08-07,
YUNSA,4028e4a240f2ef4c014101b726fa011d,YÜNSA YÜNLÜ SANAYİ VE TİCARET A.Ş.,KAFIF_VAR,3,12,2026-08-07,
YYAPI,4028e4a1416e696301416f35f8425ec3,YEŞİL YAPI ENDÜSTRİSİ A.Ş.,KAFIF_VAR,1,17,2026-08-07,
YYLGD,4028e4a2420a2daf014213d4625d3edc,YAYLA AGRO GIDA SANAYİ VE TİCARET A.Ş.,KAFIF_VAR,2,6,2026-08-07,
ZEDUR,4028e4a240f2ef470141164fd5f803a1,ZEDUR ENERJİ ELEKTRİK ÜRETİM A.Ş.,KAFIF_VAR,2,6,2026-08-07,
ZERGY,8acae2c5998f25d7019aed48b7597a50,ZERAY GAYRİMENKUL YATIRIM ORTAKLIĞI A.Ş.,KAFIF_VAR,2,75,2026-08-07,
ZGYO,8acae2c5998f25d7019b732d4d683a5c,Z GAYRİMENKUL YATIRIM ORTAKLIĞI A.Ş.,KAFIF_VAR,1,48,2026-08-07,
ZKBVK,8acae2c5540d442c0154a032b7740b6f,ZİRAAT KATILIM VARLIK KİRALAMA A.Ş.,KAFIF_YOK,0,33,2026-08-07,
ZKBVR,8acae2c465a51c3b01672b4d7dd02796,ZKB VARLIK KİRALAMA A.Ş.,KAFIF_YOK,0,79,2026-08-07,
ZOREN,4028e4a140f2ed7201412c19687407a7,ZORLU ENERJİ ELEKTRİK ÜRETİM A.Ş.,KAFIF_VAR,2,36,2026-08-07,
ZRGYO,8acae2c45835eb660158bfedd32d3332,ZİRAAT GAYRİMENKUL YATIRIM ORTAKLIĞI A.Ş.,KAFIF_VAR,2,81,2026-08-07,
